season_year,rank,system,pct_correct,against_spread,absolute_error,bias,mean_square_error,games,su_wins,su_losses,ats_wins,ats_losses,source_url,fetched_at_utc
2025,1,Pigskin Index,0.76106,0.47115,12.289,-1.1386,255.128,339,258,81,147,165,https://www.thepredictiontracker.com/ncaaresults.php?year=25,2026-09-02T03:13:21.039928+00:00
2025,2,ESPN FPI,0.74016,0.48198,12.2506,-1.0744,244.363,762,564,198,361,388,https://www.thepredictiontracker.com/ncaaresults.php?year=25,2026-09-02T03:13:21.039928+00:00
2025,3,Line (Midweek),0.73886,,11.9406,-0.8676,236.887,808,597,211,,,https://www.thepredictiontracker.com/ncaaresults.php?year=25,2026-09-02T03:13:21.039928+00:00
2025,4,Computer Adjusted Line,0.73886,0.48447,11.8441,-0.7413,226.117,808,597,211,234,249,https://www.thepredictiontracker.com/ncaaresults.php?year=25,2026-09-02T03:13:21.039928+00:00
2025,5,Line (updated),0.73515,0.47395,11.8496,-0.7902,225.907,808,594,214,191,212,https://www.thepredictiontracker.com/ncaaresults.php?year=25,2026-09-02T03:13:21.039928+00:00
2025,6,Line (opening),0.73391,0.51807,11.8948,-0.6547,228.649,808,593,215,344,320,https://www.thepredictiontracker.com/ncaaresults.php?year=25,2026-09-02T03:13:21.039928+00:00
2025,7,Slate Fluker,0.73288,0.51416,11.9709,-1.0034,238.005,730,535,195,363,343,https://www.thepredictiontracker.com/ncaaresults.php?year=25,2026-09-02T03:13:21.039928+00:00
2025,8,Sagarin Ratings,0.72896,0.52785,12.0769,0.764,236.994,808,589,219,417,373,https://www.thepredictiontracker.com/ncaaresults.php?year=25,2026-09-02T03:13:21.039928+00:00
2025,9,Stephen Kerns,0.72896,0.50253,13.7483,0.4766,306.811,808,589,219,397,393,https://www.thepredictiontracker.com/ncaaresults.php?year=25,2026-09-02T03:13:21.039928+00:00
2025,10,Talisman Red,0.72671,0.53739,12.2655,-0.3581,241.919,805,585,220,424,365,https://www.thepredictiontracker.com/ncaaresults.php?year=25,2026-09-02T03:13:21.039928+00:00
2025,11,Sagarin Points,0.72649,0.5158,12.0909,0.5242,239.038,808,587,221,408,383,https://www.thepredictiontracker.com/ncaaresults.php?year=25,2026-09-02T03:13:21.039928+00:00
2025,12,TeamRankings.com,0.72525,0.51088,12.1277,-0.5614,235.049,808,586,222,399,382,https://www.thepredictiontracker.com/ncaaresults.php?year=25,2026-09-02T03:13:21.039928+00:00
2025,13,Sagarin Recent,0.72525,0.49114,12.369,1.3172,244.756,808,586,222,388,402,https://www.thepredictiontracker.com/ncaaresults.php?year=25,2026-09-02T03:13:21.039928+00:00
2025,14,Keeper,0.72525,0.50631,12.5176,-0.0999,251.396,808,586,222,401,391,https://www.thepredictiontracker.com/ncaaresults.php?year=25,2026-09-02T03:13:21.039928+00:00
2025,15,Big 200,0.72525,0.54545,12.735,-0.3956,260.374,808,586,222,432,360,https://www.thepredictiontracker.com/ncaaresults.php?year=25,2026-09-02T03:13:21.039928+00:00
2025,16,Pi-Ratings Mean,0.72491,0.48404,12.5291,-0.1142,247.78,807,585,222,379,404,https://www.thepredictiontracker.com/ncaaresults.php?year=25,2026-09-02T03:13:21.039928+00:00
2025,17,Dokter Entropy,0.72277,0.50317,12.0366,-0.3149,231.841,808,584,224,397,392,https://www.thepredictiontracker.com/ncaaresults.php?year=25,2026-09-02T03:13:21.039928+00:00
2025,18,Donchess Inference,0.72277,0.50386,12.1614,-1.7696,238.194,808,584,224,392,386,https://www.thepredictiontracker.com/ncaaresults.php?year=25,2026-09-02T03:13:21.039928+00:00
2025,19,Beck Elo,0.72153,0.49874,12.5122,-0.5652,256.071,808,583,225,395,397,https://www.thepredictiontracker.com/ncaaresults.php?year=25,2026-09-02T03:13:21.039928+00:00
2025,20,Sagarin Golden Mean,0.72153,0.51142,12.2321,0.7582,239.456,808,583,225,403,385,https://www.thepredictiontracker.com/ncaaresults.php?year=25,2026-09-02T03:13:21.039928+00:00
2025,21,David Harville,0.72153,0.49495,12.2135,-1.1174,238.758,808,583,225,392,400,https://www.thepredictiontracker.com/ncaaresults.php?year=25,2026-09-02T03:13:21.039928+00:00
2025,22,FEI Projections,0.7205,0.50708,12.3052,-1.2548,244.645,805,580,225,394,383,https://www.thepredictiontracker.com/ncaaresults.php?year=25,2026-09-02T03:13:21.039928+00:00
2025,23,System Average,0.7203,0.52785,11.9783,-0.5468,232.351,808,582,226,417,373,https://www.thepredictiontracker.com/ncaaresults.php?year=25,2026-09-02T03:13:21.039928+00:00
2025,24,PI-Rate Bias,0.71995,0.48796,12.7304,0.0156,254.743,807,581,226,385,404,https://www.thepredictiontracker.com/ncaaresults.php?year=25,2026-09-02T03:13:21.039928+00:00
2025,25,Linear Regression,0.71788,0.52296,12.3638,0.4236,235.736,397,285,112,205,187,https://www.thepredictiontracker.com/ncaaresults.php?year=25,2026-09-02T03:13:21.039928+00:00
2025,26,System Median,0.71782,0.51833,11.9738,-0.503,232.859,808,580,228,410,381,https://www.thepredictiontracker.com/ncaaresults.php?year=25,2026-09-02T03:13:21.039928+00:00
2025,27,Edward Kambour,0.71658,0.50884,12.3728,-1.0208,248.131,808,579,229,403,389,https://www.thepredictiontracker.com/ncaaresults.php?year=25,2026-09-02T03:13:21.039928+00:00
2025,28,Massey Consensus,0.71535,0.50127,12.7072,-0.2001,260.008,808,578,230,395,393,https://www.thepredictiontracker.com/ncaaresults.php?year=25,2026-09-02T03:13:21.039928+00:00
2025,29,Pi-Rate Ratings,0.71499,0.49488,12.7871,0.1034,259.18,807,577,230,387,395,https://www.thepredictiontracker.com/ncaaresults.php?year=25,2026-09-02T03:13:21.039928+00:00
2025,30,Daniel Curry Index,0.71464,0.50506,12.4566,-0.3456,252.496,806,576,230,399,391,https://www.thepredictiontracker.com/ncaaresults.php?year=25,2026-09-02T03:13:21.039928+00:00
2025,31,Congrove Computer Rankings,0.71375,0.51392,12.9134,-0.5385,264.144,807,576,231,406,384,https://www.thepredictiontracker.com/ncaaresults.php?year=25,2026-09-02T03:13:21.039928+00:00
2025,32,Versus Sports Simulator,0.71252,0.51707,12.4936,-0.8869,249.828,807,575,232,409,382,https://www.thepredictiontracker.com/ncaaresults.php?year=25,2026-09-02T03:13:21.039928+00:00
2025,33,Howell,0.71163,0.52294,12.776,-0.5568,264.895,808,575,233,399,364,https://www.thepredictiontracker.com/ncaaresults.php?year=25,2026-09-02T03:13:21.039928+00:00
2025,34,Billingsley,0.71163,0.51389,12.6647,-0.8246,260.477,808,575,233,407,385,https://www.thepredictiontracker.com/ncaaresults.php?year=25,2026-09-02T03:13:21.039928+00:00
2025,35,Massey Ratings,0.71128,0.49873,12.3949,-0.8155,245.122,807,574,233,394,396,https://www.thepredictiontracker.com/ncaaresults.php?year=25,2026-09-02T03:13:21.039928+00:00
2025,36,Brent Craig,0.70796,0.47207,13.0095,-0.7356,271.613,565,400,165,262,293,https://www.thepredictiontracker.com/ncaaresults.php?year=25,2026-09-02T03:13:21.039928+00:00
2025,37,Fidler Book,0.70508,0.48111,12.4985,-0.4669,242.618,512,361,151,242,261,https://www.thepredictiontracker.com/ncaaresults.php?year=25,2026-09-02T03:13:21.039928+00:00
2025,38,Waywardtrends,0.70421,0.49873,12.3217,-0.6431,247.446,808,569,239,394,396,https://www.thepredictiontracker.com/ncaaresults.php?year=25,2026-09-02T03:13:21.039928+00:00
2025,39,DP Dwiggins,0.70384,0.51963,12.8705,-2.0514,271.517,807,568,239,397,367,https://www.thepredictiontracker.com/ncaaresults.php?year=25,2026-09-02T03:13:21.039928+00:00
2025,40,Dunkel Index,0.70376,0.45881,12.993,-0.3541,269.889,719,506,213,323,381,https://www.thepredictiontracker.com/ncaaresults.php?year=25,2026-09-02T03:13:21.039928+00:00
2025,41,Laz Index,0.70173,0.52146,12.4787,-0.9671,254.902,808,567,241,413,379,https://www.thepredictiontracker.com/ncaaresults.php?year=25,2026-09-02T03:13:21.039928+00:00
2025,42,Laffaye RWP,0.70099,0.51266,13.311,-1.7943,283.171,806,565,241,405,385,https://www.thepredictiontracker.com/ncaaresults.php?year=25,2026-09-02T03:13:21.039928+00:00
2025,43,PerformanZ Ratings,0.7005,0.50253,13.3027,-0.8551,283.959,808,566,242,398,394,https://www.thepredictiontracker.com/ncaaresults.php?year=25,2026-09-02T03:13:21.039928+00:00
2025,44,Moore Power Ratings,0.69851,0.50759,12.7866,-1.4094,264.339,806,563,243,401,389,https://www.thepredictiontracker.com/ncaaresults.php?year=25,2026-09-02T03:13:21.039928+00:00
2025,45,Bihl System,0.69595,0.49083,12.7216,-1.0731,253.062,444,309,135,214,222,https://www.thepredictiontracker.com/ncaaresults.php?year=25,2026-09-02T03:13:21.039928+00:00
2025,46,Loudsound.org,0.69413,0.50196,13.9276,-4.7865,317.092,801,556,245,385,382,https://www.thepredictiontracker.com/ncaaresults.php?year=25,2026-09-02T03:13:21.039928+00:00
2025,47,Director of Information,0.69183,0.51088,13.0327,0.0983,276.849,808,559,249,399,382,https://www.thepredictiontracker.com/ncaaresults.php?year=25,2026-09-02T03:13:21.039928+00:00
2025,48,Logistic Regression,0.69018,0.48724,14.2878,-3.0126,327.032,397,274,123,191,201,https://www.thepredictiontracker.com/ncaaresults.php?year=25,2026-09-02T03:13:21.039928+00:00
2025,49,Least Squares w/ HFA,0.68766,0.5601,14.5122,1.0121,331.739,397,273,124,219,172,https://www.thepredictiontracker.com/ncaaresults.php?year=25,2026-09-02T03:13:21.039928+00:00
2025,50,Cleanup Hitter,0.68278,0.5155,14.0731,-1.1089,317.695,807,551,256,399,375,https://www.thepredictiontracker.com/ncaaresults.php?year=25,2026-09-02T03:13:21.039928+00:00
