week,season_type,start_date,home_team,away_team,home_points,away_points,completed,neutral_site,conference_game,home_conference,away_conference,home_classification,away_classification,notes
1,regular,2020-08-30 01:00:00+00:00,Central Arkansas,Austin Peay,24,17,True,True,False,Southland,OVC,fcs,fcs,
1,regular,2020-09-04 00:00:00+00:00,UAB,Central Arkansas,45,35,True,False,False,Conference USA,Southland,fbs,fcs,
1,regular,2020-09-04 01:00:00+00:00,Southern Miss,South Alabama,21,32,True,False,False,Conference USA,Sun Belt,fbs,fbs,
1,regular,2020-09-05 17:00:00+00:00,Marshall,Eastern Kentucky,59,0,True,False,False,Conference USA,OVC,fbs,fcs,
1,regular,2020-09-05 17:30:00+00:00,Army,Middle Tennessee,42,0,True,False,False,FBS Independents,Conference USA,fbs,fbs,
1,regular,2020-09-05 20:30:00+00:00,Texas State,SMU,24,31,True,False,False,Sun Belt,American Athletic,fbs,fbs,
1,regular,2020-09-05 23:30:00+00:00,North Texas,Houston Christian,57,31,True,False,False,Conference USA,Southland,fbs,fcs,
1,regular,2020-09-06 00:00:00+00:00,Memphis,Arkansas State,37,24,True,False,False,American Athletic,Sun Belt,fbs,fbs,
1,regular,2020-09-06 01:00:00+00:00,UTEP,Stephen F. Austin,24,14,True,False,False,Conference USA,Southland,fbs,fcs,
1,regular,2020-09-08 00:00:00+00:00,Navy,BYU,3,55,True,False,False,American Athletic,FBS Independents,fbs,fbs,
2,regular,2020-09-11 00:00:00+00:00,Miami,UAB,31,14,True,False,False,ACC,Conference USA,fbs,fbs,
2,regular,2020-09-12 16:00:00+00:00,North Carolina,Syracuse,31,6,True,False,True,ACC,ACC,fbs,fbs,
2,regular,2020-09-12 16:00:00+00:00,Kansas State,Arkansas State,31,35,True,False,False,Big 12,Sun Belt,fbs,fbs,
2,regular,2020-09-12 16:00:00+00:00,Iowa State,Louisiana,14,31,True,False,False,Big 12,Sun Belt,fbs,fbs,
2,regular,2020-09-12 16:00:00+00:00,App State,Charlotte,35,20,True,False,False,Sun Belt,Conference USA,fbs,fbs,
2,regular,2020-09-12 16:00:00+00:00,West Virginia,Eastern Kentucky,56,10,True,False,False,Big 12,OVC,fbs,fcs,
2,regular,2020-09-12 17:30:00+00:00,Army,UL Monroe,37,7,True,False,False,FBS Independents,Sun Belt,fbs,fbs,
2,regular,2020-09-12 18:30:00+00:00,Notre Dame,Duke,27,13,True,False,True,ACC,ACC,fbs,fbs,
2,regular,2020-09-12 19:30:00+00:00,Texas State,UTSA,48,51,True,False,False,Sun Belt,Conference USA,fbs,fbs,
2,regular,2020-09-12 20:00:00+00:00,Florida State,Georgia Tech,13,16,True,False,True,ACC,ACC,fbs,fbs,
2,regular,2020-09-12 20:00:00+00:00,Pittsburgh,Austin Peay,55,0,True,False,False,ACC,OVC,fbs,fcs,
2,regular,2020-09-12 20:14:00+00:00,Georgia Southern,Campbell,27,26,True,False,False,Sun Belt,Big South,fbs,fcs,
2,regular,2020-09-12 23:00:00+00:00,Oklahoma,Missouri State,48,0,True,False,False,Big 12,MVFC,fbs,fcs,
2,regular,2020-09-12 23:00:00+00:00,South Florida,The Citadel,27,6,True,False,False,American Athletic,Southern,fbs,fcs,
2,regular,2020-09-12 23:30:00+00:00,Wake Forest,Clemson,13,37,True,False,True,ACC,ACC,fbs,fbs,
2,regular,2020-09-12 23:30:00+00:00,South Alabama,Tulane,24,27,True,False,False,Sun Belt,American Athletic,fbs,fbs,
2,regular,2020-09-13 00:00:00+00:00,Texas,UTEP,59,3,True,False,False,Big 12,Conference USA,fbs,fbs,
2,regular,2020-09-13 00:00:00+00:00,Louisville,Western Kentucky,35,21,True,False,False,ACC,Conference USA,fbs,fbs,
2,regular,2020-09-13 00:00:00+00:00,Texas Tech,Houston Christian,35,33,True,False,False,Big 12,Southland,fbs,fcs,
2,regular,2020-09-13 02:00:00+00:00,Kansas,Coastal Carolina,23,38,True,False,False,Big 12,Sun Belt,fbs,fbs,
3,regular,2020-09-18 23:30:00+00:00,Coastal Carolina,Campbell,43,21,True,False,False,Sun Belt,Big South,fbs,fcs,
3,regular,2020-09-19 16:00:00+00:00,Duke,Boston College,6,26,True,False,True,ACC,ACC,fbs,fbs,
3,regular,2020-09-19 16:00:00+00:00,Tulane,Navy,24,27,True,False,True,American Athletic,American Athletic,fbs,fbs,
3,regular,2020-09-19 16:00:00+00:00,Georgia State,Louisiana,31,34,True,False,True,Sun Belt,Sun Belt,fbs,fbs,
3,regular,2020-09-19 16:00:00+00:00,Western Kentucky,Liberty,24,30,True,False,False,Conference USA,FBS Independents,fbs,fbs,
3,regular,2020-09-19 16:00:00+00:00,Pittsburgh,Syracuse,21,10,True,False,True,ACC,ACC,fbs,fbs,
3,regular,2020-09-19 16:00:00+00:00,Cincinnati,Austin Peay,55,20,True,False,False,American Athletic,OVC,fbs,fcs,
3,regular,2020-09-19 16:00:00+00:00,Oklahoma State,Tulsa,16,7,True,False,False,Big 12,American Athletic,fbs,fbs,
3,regular,2020-09-19 18:30:00+00:00,Notre Dame,South Florida,52,0,True,False,False,ACC,American Athletic,fbs,fbs,
3,regular,2020-09-19 19:30:00+00:00,Middle Tennessee,Troy,14,47,True,False,False,Conference USA,Sun Belt,fbs,fbs,
3,regular,2020-09-19 19:30:00+00:00,Marshall,App State,17,7,True,False,False,Conference USA,Sun Belt,fbs,fbs,
3,regular,2020-09-19 19:30:00+00:00,Georgia Tech,UCF,21,49,True,False,False,ACC,American Athletic,fbs,fbs,
3,regular,2020-09-19 19:30:00+00:00,UTSA,Stephen F. Austin,24,10,True,False,False,Conference USA,Southland,fbs,fcs,
3,regular,2020-09-19 20:00:00+00:00,Clemson,The Citadel,49,0,True,False,False,ACC,Southern,fbs,fcs,
3,regular,2020-09-19 22:00:00+00:00,North Texas,SMU,35,65,True,False,False,Conference USA,American Athletic,fbs,fbs,
3,regular,2020-09-19 23:30:00+00:00,UL Monroe,Texas State,17,38,True,False,True,Sun Belt,Sun Belt,fbs,fbs,
3,regular,2020-09-19 23:30:00+00:00,Southern Miss,Louisiana Tech,30,31,True,False,True,Conference USA,Conference USA,fbs,fbs,
3,regular,2020-09-19 23:30:00+00:00,Louisville,Miami,34,47,True,False,True,ACC,ACC,fbs,fbs,
3,regular,2020-09-20 00:00:00+00:00,NC State,Wake Forest,45,42,True,False,True,ACC,ACC,fbs,fbs,
3,regular,2020-09-20 01:00:00+00:00,UTEP,Abilene Christian,17,13,True,False,False,Conference USA,Southland,fbs,fcs,
4,regular,2020-09-24 23:30:00+00:00,South Alabama,UAB,10,42,True,False,False,Sun Belt,Conference USA,fbs,fbs,
4,regular,2020-09-26 00:00:00+00:00,UTSA,Middle Tennessee,37,35,True,False,False,Conference USA,Conference USA,fbs,fbs,
4,regular,2020-09-26 16:00:00+00:00,Pittsburgh,Louisville,23,20,True,False,True,ACC,ACC,fbs,fbs,
4,regular,2020-09-26 16:00:00+00:00,East Carolina,UCF,28,51,True,False,True,American Athletic,American Athletic,fbs,fbs,
4,regular,2020-09-26 16:00:00+00:00,Ole Miss,Florida,35,51,True,False,True,SEC,SEC,fbs,fbs,
4,regular,2020-09-26 16:00:00+00:00,App State,Campbell,52,21,True,False,False,Sun Belt,Big South,fbs,fcs,
4,regular,2020-09-26 16:00:00+00:00,Louisiana,Georgia Southern,20,18,True,False,True,Sun Belt,Sun Belt,fbs,fbs,
4,regular,2020-09-26 16:00:00+00:00,Syracuse,Georgia Tech,37,20,True,False,True,ACC,ACC,fbs,fbs,
4,regular,2020-09-26 16:00:00+00:00,Oklahoma,Kansas State,35,38,True,False,True,Big 12,Big 12,fbs,fbs,
4,regular,2020-09-26 16:00:00+00:00,Auburn,Kentucky,29,13,True,False,True,SEC,SEC,fbs,fbs,
4,regular,2020-09-26 17:00:00+00:00,The Citadel,Eastern Kentucky,14,37,True,False,False,Southern,OVC,fcs,fcs,
4,regular,2020-09-26 17:00:00+00:00,Liberty,Florida International,36,34,True,False,False,FBS Independents,Conference USA,fbs,fbs,
4,regular,2020-09-26 17:30:00+00:00,TCU,Iowa State,34,37,True,False,True,Big 12,Big 12,fbs,fbs,
4,regular,2020-09-26 19:30:00+00:00,UL Monroe,UTEP,6,31,True,False,False,Sun Belt,Conference USA,fbs,fbs,
4,regular,2020-09-26 19:30:00+00:00,Cincinnati,Army,24,10,True,False,False,American Athletic,FBS Independents,fbs,fbs,
4,regular,2020-09-26 19:30:00+00:00,LSU,Mississippi State,34,44,True,False,True,SEC,SEC,fbs,fbs,
4,regular,2020-09-26 19:30:00+00:00,Oklahoma State,West Virginia,27,13,True,False,True,Big 12,Big 12,fbs,fbs,
4,regular,2020-09-26 19:30:00+00:00,Texas Tech,Texas,56,63,True,False,True,Big 12,Big 12,fbs,fbs,
4,regular,2020-09-26 20:00:00+00:00,Virginia,Duke,38,20,True,False,True,ACC,ACC,fbs,fbs,
4,regular,2020-09-26 20:00:00+00:00,Arkansas,Georgia,10,37,True,False,True,SEC,SEC,fbs,fbs,
4,regular,2020-09-26 22:00:00+00:00,Boston College,Texas State,24,21,True,False,False,ACC,Sun Belt,fbs,fbs,
4,regular,2020-09-26 23:00:00+00:00,Southern Miss,Tulane,24,66,True,False,False,Conference USA,American Athletic,fbs,fbs,
4,regular,2020-09-26 23:00:00+00:00,Missouri,Alabama,19,38,True,False,True,SEC,SEC,fbs,fbs,
4,regular,2020-09-26 23:00:00+00:00,SMU,Stephen F. Austin,50,7,True,False,False,American Athletic,Southland,fbs,fcs,
4,regular,2020-09-26 23:00:00+00:00,Louisiana Tech,Houston Christian,66,38,True,False,False,Conference USA,Southland,fbs,fcs,
4,regular,2020-09-26 23:30:00+00:00,South Carolina,Tennessee,27,31,True,False,True,SEC,SEC,fbs,fbs,
4,regular,2020-09-26 23:30:00+00:00,Baylor,Kansas,47,14,True,False,True,Big 12,Big 12,fbs,fbs,
4,regular,2020-09-26 23:30:00+00:00,Texas A&M,Vanderbilt,17,12,True,False,True,SEC,SEC,fbs,fbs,
4,regular,2020-09-26 23:30:00+00:00,Miami,Florida State,52,10,True,False,True,ACC,ACC,fbs,fbs,
4,regular,2020-09-27 00:00:00+00:00,Virginia Tech,NC State,45,24,True,False,True,ACC,ACC,fbs,fbs,
4,regular,2020-09-27 00:00:00+00:00,Central Arkansas,Missouri State,27,20,True,False,False,Southland,MVFC,fcs,fcs,
4,regular,2020-09-27 02:15:00+00:00,BYU,Troy,48,7,True,False,False,FBS Independents,Sun Belt,fbs,fbs,
5,regular,2020-10-02 23:00:00+00:00,Wake Forest,Campbell,66,14,True,False,False,ACC,Big South,fbs,fcs,
5,regular,2020-10-03 01:00:00+00:00,BYU,Louisiana Tech,45,14,True,False,False,FBS Independents,Conference USA,fbs,fbs,
5,regular,2020-10-03 16:00:00+00:00,Tennessee,Missouri,35,12,True,False,True,SEC,SEC,fbs,fbs,
5,regular,2020-10-03 16:00:00+00:00,West Virginia,Baylor,27,21,True,False,True,Big 12,Big 12,fbs,fbs,
5,regular,2020-10-03 16:00:00+00:00,Florida,South Carolina,38,24,True,False,True,SEC,SEC,fbs,fbs,
5,regular,2020-10-03 16:00:00+00:00,Coastal Carolina,Arkansas State,52,23,True,False,True,Sun Belt,Sun Belt,fbs,fbs,
5,regular,2020-10-03 16:00:00+00:00,Georgia State,East Carolina,49,29,True,False,False,Sun Belt,American Athletic,fbs,fbs,
5,regular,2020-10-03 16:00:00+00:00,Texas,TCU,31,33,True,False,True,Big 12,Big 12,fbs,fbs,
5,regular,2020-10-03 16:00:00+00:00,Pittsburgh,NC State,29,30,True,False,True,ACC,ACC,fbs,fbs,
5,regular,2020-10-03 16:30:00+00:00,UAB,UTSA,21,13,True,False,True,Conference USA,Conference USA,fbs,fbs,
5,regular,2020-10-03 17:00:00+00:00,Liberty,North Alabama,28,7,True,False,False,FBS Independents,Big South,fbs,fcs,
5,regular,2020-10-03 17:30:00+00:00,Army,Abilene Christian,55,23,True,False,False,FBS Independents,Southland,fbs,fcs,
5,regular,2020-10-03 19:00:00+00:00,Eastern Kentucky,Houston Christian,30,33,True,False,False,OVC,Southland,fcs,fcs,
5,regular,2020-10-03 19:30:00+00:00,North Dakota State,Central Arkansas,39,28,True,False,False,MVFC,Southland,fcs,fcs,
5,regular,2020-10-03 19:30:00+00:00,Kansas,Oklahoma State,7,47,True,False,True,Big 12,Big 12,fbs,fbs,
5,regular,2020-10-03 19:30:00+00:00,SMU,Memphis,30,27,True,False,True,American Athletic,American Athletic,fbs,fbs,
5,regular,2020-10-03 19:30:00+00:00,Cincinnati,South Florida,28,7,True,False,True,American Athletic,American Athletic,fbs,fbs,
5,regular,2020-10-03 19:30:00+00:00,Kansas State,Texas Tech,31,21,True,False,True,Big 12,Big 12,fbs,fbs,
5,regular,2020-10-03 19:30:00+00:00,Alabama,Texas A&M,52,24,True,False,True,SEC,SEC,fbs,fbs,
5,regular,2020-10-03 19:30:00+00:00,Boston College,North Carolina,22,26,True,False,True,ACC,ACC,fbs,fbs,
5,regular,2020-10-03 20:00:00+00:00,Duke,Virginia Tech,31,38,True,False,True,ACC,ACC,fbs,fbs,
5,regular,2020-10-03 20:00:00+00:00,Florida Atlantic,Charlotte,21,17,True,False,True,Conference USA,Conference USA,fbs,fbs,
5,regular,2020-10-03 20:00:00+00:00,Kentucky,Ole Miss,41,42,True,False,True,SEC,SEC,fbs,fbs,
5,regular,2020-10-03 20:00:00+00:00,Florida State,Jacksonville State,41,24,True,False,False,ACC,OVC,fbs,fcs,
5,regular,2020-10-03 21:00:00+00:00,Middle Tennessee,Western Kentucky,17,20,True,False,True,Conference USA,Conference USA,fbs,fbs,
5,regular,2020-10-03 21:00:00+00:00,Stephen F. Austin,West Texas,34,6,True,False,False,Southland,Lone Star,fcs,ii,
5,regular,2020-10-03 22:00:00+00:00,Air Force,Navy,40,7,True,False,False,Mountain West,American Athletic,fbs,fbs,
5,regular,2020-10-03 23:00:00+00:00,UL Monroe,Georgia Southern,30,35,True,False,True,Sun Belt,Sun Belt,fbs,fbs,
5,regular,2020-10-03 23:30:00+00:00,UCF,Tulsa,26,34,True,False,True,American Athletic,American Athletic,fbs,fbs,
5,regular,2020-10-03 23:30:00+00:00,Mississippi State,Arkansas,14,21,True,False,True,SEC,SEC,fbs,fbs,
5,regular,2020-10-03 23:30:00+00:00,North Texas,Southern Miss,31,41,True,False,True,Conference USA,Conference USA,fbs,fbs,
5,regular,2020-10-03 23:30:00+00:00,Vanderbilt,LSU,7,41,True,False,True,SEC,SEC,fbs,fbs,
5,regular,2020-10-03 23:30:00+00:00,Georgia,Auburn,27,6,True,False,True,SEC,SEC,fbs,fbs,
5,regular,2020-10-03 23:30:00+00:00,Iowa State,Oklahoma,37,30,True,False,True,Big 12,Big 12,fbs,fbs,
5,regular,2020-10-04 00:00:00+00:00,Clemson,Virginia,41,23,True,False,True,ACC,ACC,fbs,fbs,
6,regular,2020-10-08 23:30:00+00:00,Houston,Tulane,49,31,True,False,True,American Athletic,American Athletic,fbs,fbs,
6,regular,2020-10-09 23:00:00+00:00,Georgia Tech,Louisville,46,27,True,False,True,ACC,ACC,fbs,fbs,
6,regular,2020-10-10 16:00:00+00:00,Oklahoma,Texas,53,45,True,True,True,Big 12,Big 12,fbs,fbs,
6,regular,2020-10-10 16:00:00+00:00,North Carolina,Virginia Tech,56,45,True,False,True,ACC,ACC,fbs,fbs,
6,regular,2020-10-10 16:00:00+00:00,LSU,Missouri,41,45,True,False,True,SEC,SEC,fbs,fbs,
6,regular,2020-10-10 16:00:00+00:00,Liberty,UL Monroe,40,7,True,False,False,FBS Independents,Sun Belt,fbs,fbs,
6,regular,2020-10-10 16:00:00+00:00,Vanderbilt,South Carolina,7,41,True,False,True,SEC,SEC,fbs,fbs,
6,regular,2020-10-10 16:00:00+00:00,Virginia,NC State,21,38,True,False,True,ACC,ACC,fbs,fbs,
6,regular,2020-10-10 16:00:00+00:00,Texas A&M,Florida,41,38,True,False,True,SEC,SEC,fbs,fbs,
6,regular,2020-10-10 16:30:00+00:00,Syracuse,Duke,24,38,True,False,True,ACC,ACC,fbs,fbs,
6,regular,2020-10-10 17:30:00+00:00,Army,The Citadel,14,9,True,False,False,FBS Independents,Southern,fbs,fcs,
6,regular,2020-10-10 19:00:00+00:00,Jacksonville State,Mercer,34,28,True,False,False,OVC,Southern,fcs,fcs,
6,regular,2020-10-10 19:30:00+00:00,Arkansas State,Central Arkansas,50,27,True,False,False,Sun Belt,Southland,fbs,fcs,
6,regular,2020-10-10 19:30:00+00:00,Iowa State,Texas Tech,31,15,True,False,True,Big 12,Big 12,fbs,fbs,
6,regular,2020-10-10 19:30:00+00:00,Troy,Texas State,37,17,True,False,True,Sun Belt,Sun Belt,fbs,fbs,
6,regular,2020-10-10 19:30:00+00:00,Georgia,Tennessee,44,21,True,False,True,SEC,SEC,fbs,fbs,
6,regular,2020-10-10 19:30:00+00:00,BYU,UTSA,27,20,True,False,False,FBS Independents,Conference USA,fbs,fbs,
6,regular,2020-10-10 20:00:00+00:00,Boston College,Pittsburgh,31,30,True,False,True,ACC,ACC,fbs,fbs,
6,regular,2020-10-10 20:00:00+00:00,Auburn,Arkansas,30,28,True,False,True,SEC,SEC,fbs,fbs,
6,regular,2020-10-10 20:00:00+00:00,TCU,Kansas State,14,21,True,False,True,Big 12,Big 12,fbs,fbs,
6,regular,2020-10-10 20:00:00+00:00,Florida International,Middle Tennessee,28,31,True,False,True,Conference USA,Conference USA,fbs,fbs,
6,regular,2020-10-10 22:00:00+00:00,Navy,Temple,31,29,True,False,True,American Athletic,American Athletic,fbs,fbs,
6,regular,2020-10-10 23:00:00+00:00,South Florida,East Carolina,24,44,True,False,True,American Athletic,American Athletic,fbs,fbs,
6,regular,2020-10-10 23:30:00+00:00,Ole Miss,Alabama,48,63,True,False,True,SEC,SEC,fbs,fbs,
6,regular,2020-10-10 23:30:00+00:00,Western Kentucky,Marshall,14,38,True,False,True,Conference USA,Conference USA,fbs,fbs,
6,regular,2020-10-10 23:30:00+00:00,Louisiana Tech,UTEP,21,17,True,False,True,Conference USA,Conference USA,fbs,fbs,
6,regular,2020-10-10 23:30:00+00:00,Kentucky,Mississippi State,24,2,True,False,True,SEC,SEC,fbs,fbs,
6,regular,2020-10-10 23:30:00+00:00,Clemson,Miami,42,17,True,False,True,ACC,ACC,fbs,fbs,
6,regular,2020-10-10 23:30:00+00:00,Notre Dame,Florida State,42,26,True,False,True,ACC,ACC,fbs,fbs,
6,regular,2020-10-11 00:00:00+00:00,North Texas,Charlotte,21,49,True,False,True,Conference USA,Conference USA,fbs,fbs,
7,regular,2020-10-14 23:30:00+00:00,Louisiana,Coastal Carolina,27,30,True,False,True,Sun Belt,Sun Belt,fbs,fbs,
7,regular,2020-10-15 23:30:00+00:00,Arkansas State,Georgia State,59,52,True,False,True,Sun Belt,Sun Belt,fbs,fbs,
7,regular,2020-10-16 22:00:00+00:00,Tulane,SMU,34,37,True,False,True,American Athletic,American Athletic,fbs,fbs,
7,regular,2020-10-17 01:30:00+00:00,Houston,BYU,26,43,True,False,False,American Athletic,FBS Independents,fbs,fbs,
7,regular,2020-10-17 16:00:00+00:00,Miami,Pittsburgh,31,19,True,False,True,ACC,ACC,fbs,fbs,
7,regular,2020-10-17 16:00:00+00:00,West Virginia,Kansas,38,17,True,False,True,Big 12,Big 12,fbs,fbs,
7,regular,2020-10-17 16:00:00+00:00,Georgia Tech,Clemson,7,73,True,False,True,ACC,ACC,fbs,fbs,
7,regular,2020-10-17 16:00:00+00:00,South Alabama,Texas State,30,20,True,False,True,Sun Belt,Sun Belt,fbs,fbs,
7,regular,2020-10-17 16:00:00+00:00,Temple,South Florida,39,37,True,False,True,American Athletic,American Athletic,fbs,fbs,
7,regular,2020-10-17 16:00:00+00:00,Syracuse,Liberty,21,38,True,False,False,ACC,FBS Independents,fbs,fbs,
7,regular,2020-10-17 16:00:00+00:00,Tennessee,Kentucky,7,34,True,False,True,SEC,SEC,fbs,fbs,
7,regular,2020-10-17 16:00:00+00:00,East Carolina,Navy,23,27,True,False,True,American Athletic,American Athletic,fbs,fbs,
7,regular,2020-10-17 16:00:00+00:00,South Carolina,Auburn,30,22,True,False,True,SEC,SEC,fbs,fbs,
7,regular,2020-10-17 17:30:00+00:00,UTSA,Army,16,28,True,False,False,Conference USA,FBS Independents,fbs,fbs,
7,regular,2020-10-17 17:30:00+00:00,UAB,Western Kentucky,37,14,True,False,True,Conference USA,Conference USA,fbs,fbs,
7,regular,2020-10-17 18:00:00+00:00,North Alabama,Jacksonville State,17,24,True,False,False,Big South,OVC,fcs,fcs,
7,regular,2020-10-17 18:30:00+00:00,Notre Dame,Louisville,12,7,True,False,True,ACC,ACC,fbs,fbs,
7,regular,2020-10-17 19:30:00+00:00,Arkansas,Ole Miss,33,21,True,False,True,SEC,SEC,fbs,fbs,
7,regular,2020-10-17 19:30:00+00:00,Memphis,UCF,50,49,True,False,True,American Athletic,American Athletic,fbs,fbs,
7,regular,2020-10-17 19:30:00+00:00,NC State,Duke,31,20,True,False,True,ACC,ACC,fbs,fbs,
7,regular,2020-10-17 19:30:00+00:00,Troy,Eastern Kentucky,31,29,True,False,False,Sun Belt,OVC,fbs,fcs,
7,regular,2020-10-17 20:00:00+00:00,Mississippi State,Texas A&M,14,28,True,False,True,SEC,SEC,fbs,fbs,
7,regular,2020-10-17 20:00:00+00:00,Wake Forest,Virginia,40,23,True,False,True,ACC,ACC,fbs,fbs,
7,regular,2020-10-17 20:00:00+00:00,Georgia Southern,Massachusetts,41,0,True,False,False,Sun Belt,FBS Independents,fbs,fbs,
7,regular,2020-10-17 21:00:00+00:00,Middle Tennessee,North Texas,35,52,True,False,True,Conference USA,Conference USA,fbs,fbs,
7,regular,2020-10-17 21:00:00+00:00,Stephen F. Austin,Angelo State,31,12,True,False,False,Southland,Lone Star,fcs,ii,
7,regular,2020-10-17 22:00:00+00:00,Louisiana Tech,Marshall,17,35,True,False,True,Conference USA,Conference USA,fbs,fbs,
7,regular,2020-10-17 23:30:00+00:00,Florida State,North Carolina,31,28,True,False,True,ACC,ACC,fbs,fbs,
7,regular,2020-10-18 00:00:00+00:00,Missouri State,Central Arkansas,24,33,True,False,False,MVFC,Southland,fcs,fcs,
7,regular,2020-10-18 00:00:00+00:00,Virginia Tech,Boston College,40,14,True,False,True,ACC,ACC,fbs,fbs,
7,regular,2020-10-18 00:00:00+00:00,Alabama,Georgia,41,24,True,False,True,SEC,SEC,fbs,fbs,
8,regular,2020-10-22 23:30:00+00:00,App State,Arkansas State,45,17,True,False,True,Sun Belt,Sun Belt,fbs,fbs,
8,regular,2020-10-23 23:00:00+00:00,Florida International,Jacksonville State,10,19,True,False,False,Conference USA,OVC,fbs,fcs,
8,regular,2020-10-23 23:30:00+00:00,South Florida,Tulsa,13,42,True,False,True,American Athletic,American Athletic,fbs,fbs,
8,regular,2020-10-24 00:00:00+00:00,UAB,Louisiana,20,24,True,False,False,Conference USA,Sun Belt,fbs,fbs,
8,regular,2020-10-24 00:00:00+00:00,Wisconsin,Illinois,45,7,True,False,True,Big Ten,Big Ten,fbs,fbs,
8,regular,2020-10-24 16:00:00+00:00,Ohio State,Nebraska,52,17,True,False,True,Big Ten,Big Ten,fbs,fbs,
8,regular,2020-10-24 16:00:00+00:00,Kansas State,Kansas,55,14,True,False,True,Big 12,Big 12,fbs,fbs,
8,regular,2020-10-24 16:00:00+00:00,Louisville,Florida State,48,16,True,False,True,ACC,ACC,fbs,fbs,
8,regular,2020-10-24 16:00:00+00:00,Coastal Carolina,Georgia Southern,28,14,True,False,True,Sun Belt,Sun Belt,fbs,fbs,
8,regular,2020-10-24 16:00:00+00:00,Michigan State,Rutgers,27,38,True,False,True,Big Ten,Big Ten,fbs,fbs,
8,regular,2020-10-24 16:00:00+00:00,Clemson,Syracuse,47,21,True,False,True,ACC,ACC,fbs,fbs,
8,regular,2020-10-24 16:00:00+00:00,Charlotte,UTEP,38,28,True,False,True,Conference USA,Conference USA,fbs,fbs,
8,regular,2020-10-24 16:00:00+00:00,TCU,Oklahoma,14,33,True,False,True,Big 12,Big 12,fbs,fbs,
8,regular,2020-10-24 16:00:00+00:00,Ole Miss,Auburn,28,35,True,False,True,SEC,SEC,fbs,fbs,
8,regular,2020-10-24 16:00:00+00:00,Memphis,Temple,41,29,True,False,True,American Athletic,American Athletic,fbs,fbs,
8,regular,2020-10-24 16:00:00+00:00,North Carolina,NC State,48,21,True,False,True,ACC,ACC,fbs,fbs,
8,regular,2020-10-24 16:00:00+00:00,Army,Mercer,49,3,True,False,False,FBS Independents,Southern,fbs,fcs,
8,regular,2020-10-24 17:00:00+00:00,Liberty,Southern Miss,56,35,True,False,False,FBS Independents,Conference USA,fbs,fbs,
8,regular,2020-10-24 17:30:00+00:00,Stephen F. Austin,Abilene Christian,35,32,True,True,True,Southland,Southland,fcs,fcs,
8,regular,2020-10-24 18:00:00+00:00,UCF,Tulane,51,34,True,False,True,American Athletic,American Athletic,fbs,fbs,
8,regular,2020-10-24 18:30:00+00:00,Marshall,Florida Atlantic,20,9,True,False,True,Conference USA,Conference USA,fbs,fbs,
8,regular,2020-10-24 19:00:00+00:00,Eastern Kentucky,Central Arkansas,31,28,True,False,False,OVC,Southland,fcs,fcs,
8,regular,2020-10-24 19:30:00+00:00,Texas,Baylor,27,16,True,False,True,Big 12,Big 12,fbs,fbs,
8,regular,2020-10-24 19:30:00+00:00,Tennessee,Alabama,17,48,True,False,True,SEC,SEC,fbs,fbs,
8,regular,2020-10-24 19:30:00+00:00,Purdue,Iowa,24,20,True,False,True,Big Ten,Big Ten,fbs,fbs,
8,regular,2020-10-24 19:30:00+00:00,Indiana,Penn State,36,35,True,False,True,Big Ten,Big Ten,fbs,fbs,
8,regular,2020-10-24 19:30:00+00:00,Navy,Houston,21,37,True,False,True,American Athletic,American Athletic,fbs,fbs,
8,regular,2020-10-24 19:30:00+00:00,Wake Forest,Virginia Tech,23,16,True,False,True,ACC,ACC,fbs,fbs,
8,regular,2020-10-24 19:30:00+00:00,Oklahoma State,Iowa State,24,21,True,False,True,Big 12,Big 12,fbs,fbs,
8,regular,2020-10-24 19:30:00+00:00,Rice,Middle Tennessee,34,40,True,False,True,Conference USA,Conference USA,fbs,fbs,
8,regular,2020-10-24 19:41:00+00:00,Pittsburgh,Notre Dame,3,45,True,False,True,ACC,ACC,fbs,fbs,
8,regular,2020-10-24 20:00:00+00:00,Missouri,Kentucky,20,10,True,False,True,SEC,SEC,fbs,fbs,
8,regular,2020-10-24 20:00:00+00:00,Boston College,Georgia Tech,48,27,True,False,True,ACC,ACC,fbs,fbs,
8,regular,2020-10-24 20:00:00+00:00,Troy,Georgia State,34,36,True,False,True,Sun Belt,Sun Belt,fbs,fbs,
8,regular,2020-10-24 20:00:00+00:00,Western Kentucky,Chattanooga,13,10,True,False,False,Conference USA,Southern,fbs,fcs,
8,regular,2020-10-24 21:30:00+00:00,Texas Tech,West Virginia,34,27,True,False,True,Big 12,Big 12,fbs,fbs,
8,regular,2020-10-24 23:00:00+00:00,LSU,South Carolina,52,24,True,False,True,SEC,SEC,fbs,fbs,
8,regular,2020-10-24 23:00:00+00:00,South Alabama,UL Monroe,38,14,True,False,True,Sun Belt,Sun Belt,fbs,fbs,
8,regular,2020-10-24 23:00:00+00:00,Nevada,Wyoming,37,34,True,False,True,Mountain West,Mountain West,fbs,fbs,
8,regular,2020-10-24 23:00:00+00:00,Boise State,Utah State,42,13,True,False,True,Mountain West,Mountain West,fbs,fbs,
8,regular,2020-10-24 23:30:00+00:00,Fresno State,Hawai'i,19,34,True,False,True,Mountain West,Mountain West,fbs,fbs,
8,regular,2020-10-24 23:30:00+00:00,Minnesota,Michigan,24,49,True,False,True,Big Ten,Big Ten,fbs,fbs,
8,regular,2020-10-24 23:30:00+00:00,Northwestern,Maryland,43,3,True,False,True,Big Ten,Big Ten,fbs,fbs,
8,regular,2020-10-25 00:00:00+00:00,UTSA,Louisiana Tech,27,26,True,False,True,Conference USA,Conference USA,fbs,fbs,
8,regular,2020-10-25 00:00:00+00:00,Miami,Virginia,19,14,True,False,True,ACC,ACC,fbs,fbs,
8,regular,2020-10-25 01:00:00+00:00,SMU,Cincinnati,13,42,True,False,True,American Athletic,American Athletic,fbs,fbs,
8,regular,2020-10-25 02:15:00+00:00,BYU,Texas State,52,14,True,False,False,FBS Independents,Sun Belt,fbs,fbs,
8,regular,2020-10-25 02:30:00+00:00,San Diego State,UNLV,34,6,True,False,True,Mountain West,Mountain West,fbs,fbs,
8,regular,2020-10-25 02:30:00+00:00,San José State,Air Force,17,6,True,False,True,Mountain West,Mountain West,fbs,fbs,
9,regular,2020-10-29 23:30:00+00:00,Georgia Southern,South Alabama,24,17,True,False,True,Sun Belt,Sun Belt,fbs,fbs,
9,regular,2020-10-30 02:00:00+00:00,Fresno State,Colorado State,38,17,True,False,True,Mountain West,Mountain West,fbs,fbs,
9,regular,2020-10-30 23:00:00+00:00,Southern Illinois,Southeast Missouri State,20,17,True,False,False,MVFC,OVC,fcs,fcs,
9,regular,2020-10-30 23:30:00+00:00,Maryland,Minnesota,45,44,True,False,True,Big Ten,Big Ten,fbs,fbs,
9,regular,2020-10-31 01:00:00+00:00,Tulsa,East Carolina,34,30,True,False,True,American Athletic,American Athletic,fbs,fbs,
9,regular,2020-10-31 01:45:00+00:00,Wyoming,Hawai'i,31,7,True,False,True,Mountain West,Mountain West,fbs,fbs,
9,regular,2020-10-31 16:00:00+00:00,Florida Atlantic,UTSA,24,3,True,False,True,Conference USA,Conference USA,fbs,fbs,
9,regular,2020-10-31 16:00:00+00:00,Michigan,Michigan State,24,27,True,False,True,Big Ten,Big Ten,fbs,fbs,
9,regular,2020-10-31 16:00:00+00:00,Kentucky,Georgia,3,14,True,False,True,SEC,SEC,fbs,fbs,
9,regular,2020-10-31 16:00:00+00:00,Kansas,Iowa State,22,52,True,False,True,Big 12,Big 12,fbs,fbs,
9,regular,2020-10-31 16:00:00+00:00,Illinois,Purdue,24,31,True,False,True,Big Ten,Big Ten,fbs,fbs,
9,regular,2020-10-31 16:00:00+00:00,Tulane,Temple,38,3,True,False,True,American Athletic,American Athletic,fbs,fbs,
9,regular,2020-10-31 16:00:00+00:00,Clemson,Boston College,34,28,True,False,True,ACC,ACC,fbs,fbs,
9,regular,2020-10-31 16:00:00+00:00,West Virginia,Kansas State,37,10,True,False,True,Big 12,Big 12,fbs,fbs,
9,regular,2020-10-31 16:00:00+00:00,Cincinnati,Memphis,49,10,True,False,True,American Athletic,American Athletic,fbs,fbs,
9,regular,2020-10-31 16:00:00+00:00,Syracuse,Wake Forest,14,38,True,False,True,ACC,ACC,fbs,fbs,
9,regular,2020-10-31 16:00:00+00:00,Georgia State,Coastal Carolina,0,51,True,False,True,Sun Belt,Sun Belt,fbs,fbs,
9,regular,2020-10-31 18:00:00+00:00,Houston,UCF,21,44,True,False,True,American Athletic,American Athletic,fbs,fbs,
9,regular,2020-10-31 19:00:00+00:00,Southern Miss,Rice,6,30,True,False,True,Conference USA,Conference USA,fbs,fbs,
9,regular,2020-10-31 19:00:00+00:00,Arkansas State,Troy,10,38,True,False,True,Sun Belt,Sun Belt,fbs,fbs,
9,regular,2020-10-31 19:00:00+00:00,Stephen F. Austin,Western Colorado,64,7,True,False,False,Southland,Rocky Mountain,fcs,ii,
9,regular,2020-10-31 19:00:00+00:00,Mercer,Abilene Christian,17,20,True,False,False,Southern,Southland,fcs,fcs,
9,regular,2020-10-31 19:30:00+00:00,Baylor,TCU,23,33,True,False,True,Big 12,Big 12,fbs,fbs,
9,regular,2020-10-31 19:30:00+00:00,Rutgers,Indiana,21,37,True,False,True,Big Ten,Big Ten,fbs,fbs,
9,regular,2020-10-31 19:30:00+00:00,Auburn,LSU,48,11,True,False,True,SEC,SEC,fbs,fbs,
9,regular,2020-10-31 19:30:00+00:00,Georgia Tech,Notre Dame,13,31,True,False,True,ACC,ACC,fbs,fbs,
9,regular,2020-10-31 19:30:00+00:00,Louisiana Tech,UAB,37,34,True,False,True,Conference USA,Conference USA,fbs,fbs,
9,regular,2020-10-31 19:30:00+00:00,Iowa,Northwestern,20,21,True,False,True,Big Ten,Big Ten,fbs,fbs,
9,regular,2020-10-31 20:00:00+00:00,Vanderbilt,Ole Miss,21,54,True,False,True,SEC,SEC,fbs,fbs,
9,regular,2020-10-31 20:00:00+00:00,Louisville,Virginia Tech,35,42,True,False,True,ACC,ACC,fbs,fbs,
9,regular,2020-10-31 20:00:00+00:00,Oklahoma State,Texas,34,41,True,False,True,Big 12,Big 12,fbs,fbs,
9,regular,2020-10-31 20:00:00+00:00,UL Monroe,App State,13,31,True,False,True,Sun Belt,Sun Belt,fbs,fbs,
9,regular,2020-10-31 20:00:00+00:00,Central Arkansas,Missouri Western,52,10,True,False,False,Southland,Mid America,fcs,ii,
9,regular,2020-10-31 22:00:00+00:00,Air Force,Boise State,30,49,True,False,True,Mountain West,Mountain West,fbs,fbs,
9,regular,2020-10-31 23:00:00+00:00,Duke,Charlotte,53,19,True,False,False,ACC,Conference USA,fbs,fbs,
9,regular,2020-10-31 23:00:00+00:00,Alabama,Mississippi State,41,0,True,False,True,SEC,SEC,fbs,fbs,
9,regular,2020-10-31 23:00:00+00:00,New Mexico,San José State,21,38,True,False,True,Mountain West,Mountain West,fbs,fbs,
9,regular,2020-10-31 23:30:00+00:00,SMU,Navy,51,37,True,False,True,American Athletic,American Athletic,fbs,fbs,
9,regular,2020-10-31 23:30:00+00:00,Florida,Missouri,41,17,True,False,True,SEC,SEC,fbs,fbs,
9,regular,2020-10-31 23:30:00+00:00,Texas A&M,Arkansas,42,31,True,False,True,SEC,SEC,fbs,fbs,
9,regular,2020-10-31 23:30:00+00:00,Penn State,Ohio State,25,38,True,False,True,Big Ten,Big Ten,fbs,fbs,
9,regular,2020-11-01 00:00:00+00:00,Texas State,Louisiana,34,44,True,False,True,Sun Belt,Sun Belt,fbs,fbs,
9,regular,2020-11-01 00:00:00+00:00,Texas Tech,Oklahoma,28,62,True,False,True,Big 12,Big 12,fbs,fbs,
9,regular,2020-11-01 00:00:00+00:00,Virginia,North Carolina,44,41,True,False,True,ACC,ACC,fbs,fbs,
9,regular,2020-11-01 01:30:00+00:00,Utah State,San Diego State,7,38,True,False,True,Mountain West,Mountain West,fbs,fbs,
9,regular,2020-11-01 02:15:00+00:00,BYU,Western Kentucky,41,10,True,False,False,FBS Independents,Conference USA,fbs,fbs,
9,regular,2020-11-01 02:30:00+00:00,UNLV,Nevada,19,37,True,False,True,Mountain West,Mountain West,fbs,fbs,
10,regular,2020-11-04 23:00:00+00:00,Akron,Western Michigan,13,58,True,False,True,Mid-American,Mid-American,fbs,fbs,
10,regular,2020-11-04 23:00:00+00:00,Kent State,Eastern Michigan,27,23,True,False,True,Mid-American,Mid-American,fbs,fbs,
10,regular,2020-11-05 00:00:00+00:00,Northern Illinois,Buffalo,30,49,True,False,True,Mid-American,Mid-American,fbs,fbs,
10,regular,2020-11-05 00:00:00+00:00,Central Michigan,Ohio,30,27,True,False,True,Mid-American,Mid-American,fbs,fbs,
10,regular,2020-11-05 00:00:00+00:00,Miami (OH),Ball State,38,31,True,False,True,Mid-American,Mid-American,fbs,fbs,
10,regular,2020-11-05 01:00:00+00:00,Toledo,Bowling Green,38,3,True,False,True,Mid-American,Mid-American,fbs,fbs,
10,regular,2020-11-06 00:00:00+00:00,Nevada,Utah State,34,9,True,False,True,Mountain West,Mountain West,fbs,fbs,
10,regular,2020-11-06 02:00:00+00:00,Colorado State,Wyoming,34,24,True,False,True,Mountain West,Mountain West,fbs,fbs,
10,regular,2020-11-07 00:30:00+00:00,NC State,Miami,41,44,True,False,True,ACC,ACC,fbs,fbs,
10,regular,2020-11-07 02:00:00+00:00,San Diego State,San José State,17,28,True,False,True,Mountain West,Mountain West,fbs,fbs,
10,regular,2020-11-07 02:45:00+00:00,Boise State,BYU,17,51,True,False,False,Mountain West,FBS Independents,fbs,fbs,
10,regular,2020-11-07 17:00:00+00:00,USC,Arizona State,28,27,True,False,True,Pac-12,Pac-12,fbs,fbs,
10,regular,2020-11-07 17:00:00+00:00,Duke,North Carolina,24,56,True,False,True,ACC,ACC,fbs,fbs,
10,regular,2020-11-07 17:00:00+00:00,Northwestern,Nebraska,21,13,True,False,True,Big Ten,Big Ten,fbs,fbs,
10,regular,2020-11-07 17:00:00+00:00,Virginia Tech,Liberty,35,38,True,False,False,ACC,FBS Independents,fbs,fbs,
10,regular,2020-11-07 17:00:00+00:00,Louisiana,Arkansas State,27,20,True,False,True,Sun Belt,Sun Belt,fbs,fbs,
10,regular,2020-11-07 17:00:00+00:00,Iowa,Michigan State,49,7,True,False,True,Big Ten,Big Ten,fbs,fbs,
10,regular,2020-11-07 17:00:00+00:00,Memphis,South Florida,34,33,True,False,True,American Athletic,American Athletic,fbs,fbs,
10,regular,2020-11-07 17:00:00+00:00,Indiana,Michigan,38,21,True,False,True,Big Ten,Big Ten,fbs,fbs,
10,regular,2020-11-07 17:00:00+00:00,Temple,SMU,23,47,True,False,True,American Athletic,American Athletic,fbs,fbs,
10,regular,2020-11-07 17:00:00+00:00,Texas,West Virginia,17,13,True,False,True,Big 12,Big 12,fbs,fbs,
10,regular,2020-11-07 17:00:00+00:00,Georgia State,UL Monroe,52,34,True,False,True,Sun Belt,Sun Belt,fbs,fbs,
10,regular,2020-11-07 17:00:00+00:00,East Carolina,Tulane,21,38,True,False,True,American Athletic,American Athletic,fbs,fbs,
10,regular,2020-11-07 18:00:00+00:00,Georgia Southern,Troy,20,13,True,False,True,Sun Belt,Sun Belt,fbs,fbs,
10,regular,2020-11-07 19:00:00+00:00,Syracuse,Boston College,13,16,True,False,True,ACC,ACC,fbs,fbs,
10,regular,2020-11-07 19:30:00+00:00,Marshall,Massachusetts,51,10,True,False,False,Conference USA,FBS Independents,fbs,fbs,
10,regular,2020-11-07 20:00:00+00:00,Texas State,App State,17,38,True,False,True,Sun Belt,Sun Belt,fbs,fbs,
10,regular,2020-11-07 20:00:00+00:00,Southern Miss,North Alabama,24,13,True,False,False,Conference USA,Big South,fbs,fcs,
10,regular,2020-11-07 20:00:00+00:00,Eastern Kentucky,Stephen F. Austin,6,24,True,False,False,OVC,Southland,fcs,fcs,
10,regular,2020-11-07 20:30:00+00:00,Mississippi State,Vanderbilt,24,17,True,False,True,SEC,SEC,fbs,fbs,
10,regular,2020-11-07 20:30:00+00:00,Cincinnati,Houston,38,10,True,False,True,American Athletic,American Athletic,fbs,fbs,
10,regular,2020-11-07 20:30:00+00:00,Oklahoma,Kansas,62,9,True,False,True,Big 12,Big 12,fbs,fbs,
10,regular,2020-11-07 20:30:00+00:00,UNLV,Fresno State,27,40,True,False,True,Mountain West,Mountain West,fbs,fbs,
10,regular,2020-11-07 20:30:00+00:00,Penn State,Maryland,19,35,True,False,True,Big Ten,Big Ten,fbs,fbs,
10,regular,2020-11-07 20:30:00+00:00,TCU,Texas Tech,34,18,True,False,True,Big 12,Big 12,fbs,fbs,
10,regular,2020-11-07 20:30:00+00:00,Illinois,Minnesota,14,41,True,False,True,Big Ten,Big Ten,fbs,fbs,
10,regular,2020-11-07 20:30:00+00:00,Georgia,Florida,28,44,True,True,True,SEC,SEC,fbs,fbs,
10,regular,2020-11-07 21:00:00+00:00,Florida State,Pittsburgh,17,41,True,False,True,ACC,ACC,fbs,fbs,
10,regular,2020-11-07 21:00:00+00:00,Kansas State,Oklahoma State,18,20,True,False,True,Big 12,Big 12,fbs,fbs,
10,regular,2020-11-07 21:00:00+00:00,Abilene Christian,Angelo State,21,34,True,False,False,Southland,Lone Star,fcs,ii,
10,regular,2020-11-07 23:00:00+00:00,Florida Atlantic,Western Kentucky,10,6,True,False,True,Conference USA,Conference USA,fbs,fbs,
10,regular,2020-11-08 00:00:00+00:00,Iowa State,Baylor,38,31,True,False,True,Big 12,Big 12,fbs,fbs,
10,regular,2020-11-08 00:00:00+00:00,South Carolina,Texas A&M,3,48,True,False,True,SEC,SEC,fbs,fbs,
10,regular,2020-11-08 00:00:00+00:00,Colorado,UCLA,48,42,True,False,True,Pac-12,Pac-12,fbs,fbs,
10,regular,2020-11-08 00:30:00+00:00,Arkansas,Tennessee,24,13,True,False,True,SEC,SEC,fbs,fbs,
10,regular,2020-11-08 00:30:00+00:00,Oregon,Stanford,35,14,True,False,True,Pac-12,Pac-12,fbs,fbs,
10,regular,2020-11-08 00:30:00+00:00,Ohio State,Rutgers,49,27,True,False,True,Big Ten,Big Ten,fbs,fbs,
10,regular,2020-11-08 00:30:00+00:00,Notre Dame,Clemson,47,40,True,False,True,ACC,ACC,fbs,fbs,
10,regular,2020-11-08 01:00:00+00:00,Coastal Carolina,South Alabama,23,6,True,False,True,Sun Belt,Sun Belt,fbs,fbs,
10,regular,2020-11-08 03:30:00+00:00,Oregon State,Washington State,28,38,True,False,True,Pac-12,Pac-12,fbs,fbs,
10,regular,2020-11-08 04:00:00+00:00,Hawai'i,New Mexico,39,33,True,False,True,Mountain West,Mountain West,fbs,fbs,
11,regular,2020-11-11 00:00:00+00:00,Ohio,Akron,24,10,True,False,True,Mid-American,Mid-American,fbs,fbs,
11,regular,2020-11-11 00:30:00+00:00,Bowling Green,Kent State,24,62,True,False,True,Mid-American,Mid-American,fbs,fbs,
11,regular,2020-11-11 01:00:00+00:00,Buffalo,Miami (OH),42,10,True,False,True,Mid-American,Mid-American,fbs,fbs,
11,regular,2020-11-12 00:00:00+00:00,Ball State,Eastern Michigan,38,31,True,False,True,Mid-American,Mid-American,fbs,fbs,
11,regular,2020-11-12 01:00:00+00:00,Western Michigan,Toledo,41,38,True,False,True,Mid-American,Mid-American,fbs,fbs,
11,regular,2020-11-12 01:00:00+00:00,Northern Illinois,Central Michigan,10,40,True,False,True,Mid-American,Mid-American,fbs,fbs,
11,regular,2020-11-13 01:00:00+00:00,Boise State,Colorado State,52,21,True,False,True,Mountain West,Mountain West,fbs,fbs,
11,regular,2020-11-14 00:00:00+00:00,Minnesota,Iowa,7,35,True,False,True,Big Ten,Big Ten,fbs,fbs,
11,regular,2020-11-14 00:00:00+00:00,Florida International,Florida Atlantic,19,38,True,False,True,Conference USA,Conference USA,fbs,fbs,
11,regular,2020-11-14 00:30:00+00:00,Cincinnati,East Carolina,55,17,True,False,True,American Athletic,American Athletic,fbs,fbs,
11,regular,2020-11-14 17:00:00+00:00,West Virginia,TCU,24,6,True,False,True,Big 12,Big 12,fbs,fbs,
11,regular,2020-11-14 17:00:00+00:00,North Carolina,Wake Forest,59,53,True,False,True,ACC,ACC,fbs,fbs,
11,regular,2020-11-14 17:00:00+00:00,Nebraska,Penn State,30,23,True,False,True,Big Ten,Big Ten,fbs,fbs,
11,regular,2020-11-14 17:00:00+00:00,Tulane,Army,38,12,True,False,False,American Athletic,FBS Independents,fbs,fbs,
11,regular,2020-11-14 17:00:00+00:00,Virginia Tech,Miami,24,25,True,False,True,ACC,ACC,fbs,fbs,
11,regular,2020-11-14 17:00:00+00:00,Michigan State,Indiana,0,24,True,False,True,Big Ten,Big Ten,fbs,fbs,
11,regular,2020-11-14 17:00:00+00:00,Marshall,Middle Tennessee,42,14,True,False,True,Conference USA,Conference USA,fbs,fbs,
11,regular,2020-11-14 17:00:00+00:00,Kentucky,Vanderbilt,38,35,True,False,True,SEC,SEC,fbs,fbs,
11,regular,2020-11-14 17:00:00+00:00,Liberty,Western Carolina,58,14,True,False,False,FBS Independents,Southern,fbs,fcs,
11,regular,2020-11-14 18:00:00+00:00,Rutgers,Illinois,20,23,True,False,True,Big Ten,Big Ten,fbs,fbs,
11,regular,2020-11-14 19:00:00+00:00,Louisiana,South Alabama,38,10,True,False,True,Sun Belt,Sun Belt,fbs,fbs,
11,regular,2020-11-14 19:30:00+00:00,Utah State,Fresno State,16,35,True,False,True,Mountain West,Mountain West,fbs,fbs,
11,regular,2020-11-14 19:30:00+00:00,App State,Georgia State,17,13,True,False,True,Sun Belt,Sun Belt,fbs,fbs,
11,regular,2020-11-14 20:00:00+00:00,UTSA,UTEP,52,21,True,False,True,Conference USA,Conference USA,fbs,fbs,
11,regular,2020-11-14 20:30:00+00:00,Stanford,Colorado,32,35,True,False,True,Pac-12,Pac-12,fbs,fbs,
11,regular,2020-11-14 20:30:00+00:00,Virginia,Louisville,31,17,True,False,True,ACC,ACC,fbs,fbs,
11,regular,2020-11-14 20:30:00+00:00,Arizona,USC,30,34,True,False,True,Pac-12,Pac-12,fbs,fbs,
11,regular,2020-11-14 20:30:00+00:00,Georgia Southern,Texas State,40,38,True,False,True,Sun Belt,Sun Belt,fbs,fbs,
11,regular,2020-11-14 20:30:00+00:00,Western Kentucky,Southern Miss,10,7,True,False,True,Conference USA,Conference USA,fbs,fbs,
11,regular,2020-11-14 20:30:00+00:00,Boston College,Notre Dame,31,45,True,False,True,ACC,ACC,fbs,fbs,
11,regular,2020-11-14 20:30:00+00:00,Houston,South Florida,56,21,True,False,True,American Athletic,American Athletic,fbs,fbs,
11,regular,2020-11-14 21:00:00+00:00,Central Arkansas,Eastern Kentucky,37,25,True,False,False,Southland,OVC,fcs,fcs,
11,regular,2020-11-14 21:00:00+00:00,Texas Tech,Baylor,24,23,True,False,True,Big 12,Big 12,fbs,fbs,
11,regular,2020-11-14 21:00:00+00:00,San Diego State,Hawai'i,34,10,True,False,True,Mountain West,Mountain West,fbs,fbs,
11,regular,2020-11-14 22:00:00+00:00,Purdue,Northwestern,20,27,True,False,True,Big Ten,Big Ten,fbs,fbs,
11,regular,2020-11-14 22:00:00+00:00,Stephen F. Austin,Pittsburg State,26,7,True,False,False,Southland,Mid America,fcs,ii,
11,regular,2020-11-14 23:30:00+00:00,New Mexico,Nevada,20,27,True,False,True,Mountain West,Mountain West,fbs,fbs,
11,regular,2020-11-15 00:00:00+00:00,Washington State,Oregon,29,43,True,False,True,Pac-12,Pac-12,fbs,fbs,
11,regular,2020-11-15 00:00:00+00:00,Tulsa,SMU,28,24,True,False,True,American Athletic,American Athletic,fbs,fbs,
11,regular,2020-11-15 00:00:00+00:00,Florida,Arkansas,63,35,True,False,True,SEC,SEC,fbs,fbs,
11,regular,2020-11-15 00:30:00+00:00,UCF,Temple,38,13,True,False,True,American Athletic,American Athletic,fbs,fbs,
11,regular,2020-11-15 00:30:00+00:00,NC State,Florida State,38,22,True,False,True,ACC,ACC,fbs,fbs,
11,regular,2020-11-15 00:30:00+00:00,Michigan,Wisconsin,11,49,True,False,True,Big Ten,Big Ten,fbs,fbs,
11,regular,2020-11-15 00:30:00+00:00,Ole Miss,South Carolina,59,42,True,False,True,SEC,SEC,fbs,fbs,
11,regular,2020-11-15 03:30:00+00:00,San José State,UNLV,34,17,True,False,True,Mountain West,Mountain West,fbs,fbs,
11,regular,2020-11-15 04:00:00+00:00,Washington,Oregon State,27,21,True,False,True,Pac-12,Pac-12,fbs,fbs,
11,regular,2020-11-15 17:00:00+00:00,UCLA,California,34,10,True,False,True,Pac-12,Pac-12,fbs,fbs,
12,regular,2020-11-18 00:00:00+00:00,Bowling Green,Buffalo,17,42,True,False,True,Mid-American,Mid-American,fbs,fbs,
12,regular,2020-11-18 01:00:00+00:00,Kent State,Akron,69,35,True,False,True,Mid-American,Mid-American,fbs,fbs,
12,regular,2020-11-19 00:00:00+00:00,Ball State,Northern Illinois,31,25,True,False,True,Mid-American,Mid-American,fbs,fbs,
12,regular,2020-11-19 00:00:00+00:00,Central Michigan,Western Michigan,44,52,True,False,True,Mid-American,Mid-American,fbs,fbs,
12,regular,2020-11-19 00:00:00+00:00,Eastern Michigan,Toledo,28,45,True,False,True,Mid-American,Mid-American,fbs,fbs,
12,regular,2020-11-20 00:30:00+00:00,Tulsa,Tulane,30,24,True,False,True,American Athletic,American Athletic,fbs,fbs,
12,regular,2020-11-21 00:00:00+00:00,Louisville,Syracuse,30,0,True,False,True,ACC,ACC,fbs,fbs,
12,regular,2020-11-21 00:30:00+00:00,Minnesota,Purdue,34,31,True,False,True,Big Ten,Big Ten,fbs,fbs,
12,regular,2020-11-21 01:00:00+00:00,Florida Atlantic,Massachusetts,24,2,True,False,False,Conference USA,FBS Independents,fbs,fbs,
12,regular,2020-11-21 02:30:00+00:00,Air Force,New Mexico,28,0,True,False,True,Mountain West,Mountain West,fbs,fbs,
12,regular,2020-11-21 17:00:00+00:00,Memphis,Stephen F. Austin,56,14,True,False,False,American Athletic,Southland,fbs,fcs,
12,regular,2020-11-21 17:00:00+00:00,Texas State,Arkansas State,47,45,True,False,True,Sun Belt,Sun Belt,fbs,fbs,
12,regular,2020-11-21 17:00:00+00:00,Coastal Carolina,App State,34,23,True,False,True,Sun Belt,Sun Belt,fbs,fbs,
12,regular,2020-11-21 17:00:00+00:00,Army,Georgia Southern,28,27,True,False,False,FBS Independents,Sun Belt,fbs,fbs,
12,regular,2020-11-21 17:00:00+00:00,Arkansas,LSU,24,27,True,False,True,SEC,SEC,fbs,fbs,
12,regular,2020-11-21 17:00:00+00:00,Vanderbilt,Florida,17,38,True,False,True,SEC,SEC,fbs,fbs,
12,regular,2020-11-21 17:00:00+00:00,Ohio State,Indiana,42,35,True,False,True,Big Ten,Big Ten,fbs,fbs,
12,regular,2020-11-21 17:00:00+00:00,Nebraska,Illinois,23,41,True,False,True,Big Ten,Big Ten,fbs,fbs,
12,regular,2020-11-21 17:00:00+00:00,Temple,East Carolina,3,28,True,False,True,American Athletic,American Athletic,fbs,fbs,
12,regular,2020-11-21 19:00:00+00:00,North Texas,Rice,27,17,True,False,True,Conference USA,Conference USA,fbs,fbs,
12,regular,2020-11-21 19:00:00+00:00,Western Kentucky,Florida International,38,21,True,False,True,Conference USA,Conference USA,fbs,fbs,
12,regular,2020-11-21 20:00:00+00:00,Eastern Kentucky,Western Carolina,49,17,True,False,False,OVC,Southern,fcs,fcs,
12,regular,2020-11-21 20:00:00+00:00,Southern Miss,UTSA,20,23,True,False,True,Conference USA,Conference USA,fbs,fbs,
12,regular,2020-11-21 20:00:00+00:00,BYU,North Alabama,66,14,True,False,False,FBS Independents,Big South,fbs,fcs,
12,regular,2020-11-21 20:30:00+00:00,Penn State,Iowa,21,41,True,False,True,Big Ten,Big Ten,fbs,fbs,
12,regular,2020-11-21 20:30:00+00:00,South Alabama,Georgia State,14,31,True,False,True,Sun Belt,Sun Belt,fbs,fbs,
12,regular,2020-11-21 20:30:00+00:00,Oregon State,California,31,27,True,False,True,Pac-12,Pac-12,fbs,fbs,
12,regular,2020-11-21 20:30:00+00:00,Nevada,San Diego State,26,21,True,False,True,Mountain West,Mountain West,fbs,fbs,
12,regular,2020-11-21 20:30:00+00:00,Oregon,UCLA,38,35,True,False,True,Pac-12,Pac-12,fbs,fbs,
12,regular,2020-11-21 20:30:00+00:00,Troy,Middle Tennessee,17,20,True,False,False,Sun Belt,Conference USA,fbs,fbs,
12,regular,2020-11-21 20:30:00+00:00,UCF,Cincinnati,33,36,True,False,True,American Athletic,American Athletic,fbs,fbs,
12,regular,2020-11-21 20:30:00+00:00,Northwestern,Wisconsin,17,7,True,False,True,Big Ten,Big Ten,fbs,fbs,
12,regular,2020-11-21 21:00:00+00:00,Iowa State,Kansas State,45,0,True,False,True,Big 12,Big 12,fbs,fbs,
12,regular,2020-11-21 21:00:00+00:00,Pittsburgh,Virginia Tech,47,14,True,False,True,ACC,ACC,fbs,fbs,
12,regular,2020-11-21 21:00:00+00:00,Alabama,Kentucky,63,3,True,False,True,SEC,SEC,fbs,fbs,
12,regular,2020-11-21 21:00:00+00:00,Virginia,Abilene Christian,55,15,True,False,False,ACC,Southland,fbs,fcs,
12,regular,2020-11-22 00:00:00+00:00,Auburn,Tennessee,30,17,True,False,True,SEC,SEC,fbs,fbs,
12,regular,2020-11-22 00:30:00+00:00,NC State,Liberty,15,14,True,False,False,ACC,FBS Independents,fbs,fbs,
12,regular,2020-11-22 00:30:00+00:00,Rutgers,Michigan,42,48,True,False,True,Big Ten,Big Ten,fbs,fbs,
12,regular,2020-11-22 00:30:00+00:00,Oklahoma,Oklahoma State,41,13,True,False,True,Big 12,Big 12,fbs,fbs,
12,regular,2020-11-22 00:30:00+00:00,South Carolina,Missouri,10,17,True,False,True,SEC,SEC,fbs,fbs,
12,regular,2020-11-22 00:30:00+00:00,Georgia,Mississippi State,31,24,True,False,True,SEC,SEC,fbs,fbs,
12,regular,2020-11-22 01:00:00+00:00,Washington,Arizona,44,27,True,False,True,Pac-12,Pac-12,fbs,fbs,
12,regular,2020-11-22 03:30:00+00:00,Utah,USC,17,33,True,False,True,Pac-12,Pac-12,fbs,fbs,
12,regular,2020-11-22 04:00:00+00:00,Hawai'i,Boise State,32,40,True,False,True,Mountain West,Mountain West,fbs,fbs,
13,regular,2020-11-27 00:00:00+00:00,Utah State,New Mexico,41,27,True,False,True,Mountain West,Mountain West,fbs,fbs,
13,regular,2020-11-27 17:00:00+00:00,Liberty,Massachusetts,45,0,True,False,False,FBS Independents,FBS Independents,fbs,fbs,
13,regular,2020-11-27 17:00:00+00:00,Texas,Iowa State,20,23,True,False,True,Big 12,Big 12,fbs,fbs,
13,regular,2020-11-27 18:00:00+00:00,Iowa,Nebraska,26,20,True,False,True,Big Ten,Big Ten,fbs,fbs,
13,regular,2020-11-27 20:30:00+00:00,North Carolina,Notre Dame,17,31,True,False,True,ACC,ACC,fbs,fbs,
13,regular,2020-11-27 20:30:00+00:00,South Florida,UCF,46,58,True,False,True,American Athletic,American Athletic,fbs,fbs,
13,regular,2020-11-27 21:00:00+00:00,Eastern Michigan,Central Michigan,23,31,True,False,True,Mid-American,Mid-American,fbs,fbs,
13,regular,2020-11-27 21:00:00+00:00,UNLV,Wyoming,14,45,True,False,True,Mountain West,Mountain West,fbs,fbs,
13,regular,2020-11-27 21:30:00+00:00,California,Stanford,23,24,True,False,True,Pac-12,Pac-12,fbs,fbs,
13,regular,2020-11-28 00:30:00+00:00,Oregon State,Oregon,41,38,True,False,True,Pac-12,Pac-12,fbs,fbs,
13,regular,2020-11-28 17:00:00+00:00,Missouri,Vanderbilt,41,0,True,False,True,SEC,SEC,fbs,fbs,
13,regular,2020-11-28 17:00:00+00:00,Toledo,Ball State,24,27,True,False,True,Mid-American,Mid-American,fbs,fbs,
13,regular,2020-11-28 17:00:00+00:00,Florida,Kentucky,34,10,True,False,True,SEC,SEC,fbs,fbs,
13,regular,2020-11-28 17:00:00+00:00,Michigan,Penn State,17,27,True,False,True,Big Ten,Big Ten,fbs,fbs,
13,regular,2020-11-28 17:00:00+00:00,Oklahoma State,Texas Tech,50,44,True,False,True,Big 12,Big 12,fbs,fbs,
13,regular,2020-11-28 17:00:00+00:00,East Carolina,SMU,52,38,True,False,True,American Athletic,American Athletic,fbs,fbs,
13,regular,2020-11-28 17:00:00+00:00,Georgia State,Georgia Southern,30,24,True,False,True,Sun Belt,Sun Belt,fbs,fbs,
13,regular,2020-11-28 17:00:00+00:00,Western Michigan,Northern Illinois,30,27,True,False,True,Mid-American,Mid-American,fbs,fbs,
13,regular,2020-11-28 17:00:00+00:00,Ohio,Bowling Green,52,10,True,False,True,Mid-American,Mid-American,fbs,fbs,
13,regular,2020-11-28 17:00:00+00:00,Buffalo,Kent State,70,41,True,False,True,Mid-American,Mid-American,fbs,fbs,
13,regular,2020-11-28 17:00:00+00:00,Syracuse,NC State,29,36,True,False,True,ACC,ACC,fbs,fbs,
13,regular,2020-11-28 17:00:00+00:00,Indiana,Maryland,27,11,True,False,True,Big Ten,Big Ten,fbs,fbs,
13,regular,2020-11-28 18:00:00+00:00,Akron,Miami (OH),7,38,True,False,True,Mid-American,Mid-American,fbs,fbs,
13,regular,2020-11-28 20:00:00+00:00,UTSA,North Texas,49,17,True,False,True,Conference USA,Conference USA,fbs,fbs,
13,regular,2020-11-28 20:00:00+00:00,Arkansas State,South Alabama,31,38,True,False,True,Sun Belt,Sun Belt,fbs,fbs,
13,regular,2020-11-28 20:00:00+00:00,UL Monroe,Louisiana,20,70,True,False,True,Sun Belt,Sun Belt,fbs,fbs,
13,regular,2020-11-28 20:00:00+00:00,Texas State,Coastal Carolina,14,49,True,False,True,Sun Belt,Sun Belt,fbs,fbs,
13,regular,2020-11-28 20:30:00+00:00,Michigan State,Northwestern,29,20,True,False,True,Big Ten,Big Ten,fbs,fbs,
13,regular,2020-11-28 20:30:00+00:00,Alabama,Auburn,42,13,True,False,True,SEC,SEC,fbs,fbs,
13,regular,2020-11-28 20:30:00+00:00,Clemson,Pittsburgh,52,17,True,False,True,ACC,ACC,fbs,fbs,
13,regular,2020-11-28 20:30:00+00:00,App State,Troy,47,10,True,False,True,Sun Belt,Sun Belt,fbs,fbs,
13,regular,2020-11-28 21:00:00+00:00,Boston College,Louisville,34,27,True,False,True,ACC,ACC,fbs,fbs,
13,regular,2020-11-28 21:00:00+00:00,Purdue,Rutgers,30,37,True,False,True,Big Ten,Big Ten,fbs,fbs,
13,regular,2020-11-28 21:00:00+00:00,Ole Miss,Mississippi State,31,24,True,False,True,SEC,SEC,fbs,fbs,
13,regular,2020-11-28 22:37:00+00:00,Colorado,San Diego State,20,10,True,False,False,Pac-12,Mountain West,fbs,fbs,
13,regular,2020-11-29 00:00:00+00:00,Georgia Tech,Duke,56,33,True,False,True,ACC,ACC,fbs,fbs,
13,regular,2020-11-29 00:00:00+00:00,Texas A&M,LSU,20,7,True,False,True,SEC,SEC,fbs,fbs,
13,regular,2020-11-29 00:00:00+00:00,Baylor,Kansas State,32,31,True,False,True,Big 12,Big 12,fbs,fbs,
13,regular,2020-11-29 00:00:00+00:00,Navy,Memphis,7,10,True,False,True,American Athletic,American Athletic,fbs,fbs,
13,regular,2020-11-29 00:30:00+00:00,Washington,Utah,24,21,True,False,True,Pac-12,Pac-12,fbs,fbs,
13,regular,2020-11-29 00:30:00+00:00,South Carolina,Georgia,16,45,True,False,True,SEC,SEC,fbs,fbs,
13,regular,2020-11-29 01:00:00+00:00,Kansas,TCU,23,59,True,False,True,Big 12,Big 12,fbs,fbs,
13,regular,2020-11-29 01:00:00+00:00,UCLA,Arizona,27,10,True,False,True,Pac-12,Pac-12,fbs,fbs,
13,regular,2020-11-29 04:00:00+00:00,Hawai'i,Nevada,24,21,True,False,True,Mountain West,Mountain West,fbs,fbs,
14,regular,2020-12-03 23:00:00+00:00,North Texas,Louisiana Tech,31,42,True,False,True,Conference USA,Conference USA,fbs,fbs,
14,regular,2020-12-04 02:30:00+00:00,Utah State,Air Force,7,35,True,False,True,Mountain West,Mountain West,fbs,fbs,
14,regular,2020-12-05 01:30:00+00:00,App State,Louisiana,21,24,True,False,True,Sun Belt,Sun Belt,fbs,fbs,
14,regular,2020-12-05 17:00:00+00:00,Rutgers,Penn State,7,23,True,False,True,Big Ten,Big Ten,fbs,fbs,
14,regular,2020-12-05 17:00:00+00:00,Marshall,Rice,0,20,True,False,True,Conference USA,Conference USA,fbs,fbs,
14,regular,2020-12-05 17:00:00+00:00,Tulane,Memphis,35,21,True,False,True,American Athletic,American Athletic,fbs,fbs,
14,regular,2020-12-05 17:00:00+00:00,Texas Tech,Kansas,16,13,True,False,True,Big 12,Big 12,fbs,fbs,
14,regular,2020-12-05 17:00:00+00:00,TCU,Oklahoma State,29,22,True,False,True,Big 12,Big 12,fbs,fbs,
14,regular,2020-12-05 17:00:00+00:00,Northern Illinois,Toledo,24,41,True,False,True,Mid-American,Mid-American,fbs,fbs,
14,regular,2020-12-05 17:00:00+00:00,Purdue,Nebraska,27,37,True,False,True,Big Ten,Big Ten,fbs,fbs,
14,regular,2020-12-05 17:00:00+00:00,Michigan State,Ohio State,12,52,True,False,True,Big Ten,Big Ten,fbs,fbs,
14,regular,2020-12-05 17:00:00+00:00,Auburn,Texas A&M,20,31,True,False,True,SEC,SEC,fbs,fbs,
14,regular,2020-12-05 17:00:00+00:00,Missouri,Arkansas,50,48,True,False,True,SEC,SEC,fbs,fbs,
14,regular,2020-12-05 17:00:00+00:00,Kansas State,Texas,31,69,True,False,True,Big 12,Big 12,fbs,fbs,
14,regular,2020-12-05 17:00:00+00:00,North Carolina,Western Carolina,49,9,True,False,False,ACC,Southern,fbs,fcs,
14,regular,2020-12-05 19:00:00+00:00,South Alabama,Troy,0,29,True,False,True,Sun Belt,Sun Belt,fbs,fbs,
14,regular,2020-12-05 19:00:00+00:00,Central Michigan,Ball State,20,45,True,False,True,Mid-American,Mid-American,fbs,fbs,
14,regular,2020-12-05 19:00:00+00:00,Western Michigan,Eastern Michigan,42,53,True,False,True,Mid-American,Mid-American,fbs,fbs,
14,regular,2020-12-05 19:00:00+00:00,Akron,Bowling Green,31,3,True,False,True,Mid-American,Mid-American,fbs,fbs,
14,regular,2020-12-05 19:30:00+00:00,Notre Dame,Syracuse,45,21,True,False,True,ACC,ACC,fbs,fbs,
14,regular,2020-12-05 20:00:00+00:00,Arkansas State,UL Monroe,48,15,True,False,True,Sun Belt,Sun Belt,fbs,fbs,
14,regular,2020-12-05 20:30:00+00:00,Illinois,Iowa,21,35,True,False,True,Big Ten,Big Ten,fbs,fbs,
14,regular,2020-12-05 20:30:00+00:00,Wisconsin,Indiana,6,14,True,False,True,Big Ten,Big Ten,fbs,fbs,
14,regular,2020-12-05 20:30:00+00:00,Iowa State,West Virginia,42,6,True,False,True,Big 12,Big 12,fbs,fbs,
14,regular,2020-12-05 20:30:00+00:00,Virginia,Boston College,43,32,True,False,True,ACC,ACC,fbs,fbs,
14,regular,2020-12-05 20:30:00+00:00,Tennessee,Florida,19,31,True,False,True,SEC,SEC,fbs,fbs,
14,regular,2020-12-05 20:30:00+00:00,Navy,Tulsa,6,19,True,False,True,American Athletic,American Athletic,fbs,fbs,
14,regular,2020-12-05 21:00:00+00:00,NC State,Georgia Tech,23,13,True,False,True,ACC,ACC,fbs,fbs,
14,regular,2020-12-05 21:00:00+00:00,Washington,Stanford,26,31,True,False,True,Pac-12,Pac-12,fbs,fbs,
14,regular,2020-12-05 22:30:00+00:00,Coastal Carolina,BYU,22,17,True,False,False,Sun Belt,FBS Independents,fbs,fbs,
14,regular,2020-12-05 23:00:00+00:00,Georgia Southern,Florida Atlantic,20,3,True,False,False,Sun Belt,Conference USA,fbs,fbs,
14,regular,2020-12-05 23:00:00+00:00,San José State,Hawai'i,35,24,True,False,True,Mountain West,Mountain West,fbs,fbs,
14,regular,2020-12-06 00:00:00+00:00,San Diego State,Colorado State,29,17,True,False,True,Mountain West,Mountain West,fbs,fbs,
14,regular,2020-12-06 00:00:00+00:00,California,Oregon,21,17,True,False,True,Pac-12,Pac-12,fbs,fbs,
14,regular,2020-12-06 00:00:00+00:00,Arizona,Colorado,13,24,True,False,True,Pac-12,Pac-12,fbs,fbs,
14,regular,2020-12-06 00:30:00+00:00,Virginia Tech,Clemson,10,45,True,False,True,ACC,ACC,fbs,fbs,
14,regular,2020-12-06 00:30:00+00:00,Kentucky,South Carolina,41,18,True,False,True,SEC,SEC,fbs,fbs,
14,regular,2020-12-06 01:00:00+00:00,Oklahoma,Baylor,27,14,True,False,True,Big 12,Big 12,fbs,fbs,
14,regular,2020-12-06 01:00:00+00:00,LSU,Alabama,17,55,True,False,True,SEC,SEC,fbs,fbs,
14,regular,2020-12-06 01:00:00+00:00,Duke,Miami,0,48,True,False,True,ACC,ACC,fbs,fbs,
14,regular,2020-12-06 02:00:00+00:00,Nevada,Fresno State,37,26,True,False,True,Mountain West,Mountain West,fbs,fbs,
14,regular,2020-12-06 03:30:00+00:00,Arizona State,UCLA,18,25,True,False,True,Pac-12,Pac-12,fbs,fbs,
14,regular,2020-12-06 03:30:00+00:00,Utah,Oregon State,30,24,True,False,True,Pac-12,Pac-12,fbs,fbs,
14,regular,2020-12-06 03:30:00+00:00,New Mexico,Wyoming,17,16,True,False,True,Mountain West,Mountain West,fbs,fbs,
14,regular,2020-12-06 17:00:00+00:00,Charlotte,Western Kentucky,19,37,True,False,True,Conference USA,Conference USA,fbs,fbs,
14,regular,2020-12-07 00:30:00+00:00,USC,Washington State,38,13,True,False,True,Pac-12,Pac-12,fbs,fbs,
15,regular,2020-12-10 23:30:00+00:00,Southern Miss,Florida Atlantic,45,31,True,False,True,Conference USA,Conference USA,fbs,fbs,
15,regular,2020-12-11 00:00:00+00:00,Georgia Tech,Pittsburgh,20,34,True,False,True,ACC,ACC,fbs,fbs,
15,regular,2020-12-11 23:00:00+00:00,UTEP,North Texas,43,45,True,False,True,Conference USA,Conference USA,fbs,fbs,
15,regular,2020-12-12 00:00:00+00:00,Arizona,Arizona State,7,70,True,False,True,Pac-12,Pac-12,fbs,fbs,
15,regular,2020-12-12 03:00:00+00:00,San José State,Nevada,30,20,True,False,True,Mountain West,Mountain West,fbs,fbs,
15,regular,2020-12-12 17:00:00+00:00,Penn State,Michigan State,39,24,True,False,True,Big Ten,Big Ten,fbs,fbs,
15,regular,2020-12-12 17:00:00+00:00,Eastern Michigan,Northern Illinois,41,33,True,False,True,Mid-American,Mid-American,fbs,fbs,
15,regular,2020-12-12 17:00:00+00:00,Ball State,Western Michigan,30,27,True,False,True,Mid-American,Mid-American,fbs,fbs,
15,regular,2020-12-12 17:00:00+00:00,Northwestern,Illinois,28,10,True,False,True,Big Ten,Big Ten,fbs,fbs,
15,regular,2020-12-12 17:00:00+00:00,Missouri,Georgia,14,49,True,False,True,SEC,SEC,fbs,fbs,
15,regular,2020-12-12 17:00:00+00:00,Maryland,Rutgers,24,27,True,False,True,Big Ten,Big Ten,fbs,fbs,
15,regular,2020-12-12 17:00:00+00:00,Louisville,Wake Forest,45,21,True,False,True,ACC,ACC,fbs,fbs,
15,regular,2020-12-12 17:00:00+00:00,Arkansas,Alabama,3,52,True,False,True,SEC,SEC,fbs,fbs,
15,regular,2020-12-12 17:00:00+00:00,Colorado,Utah,21,38,True,False,True,Pac-12,Pac-12,fbs,fbs,
15,regular,2020-12-12 17:00:00+00:00,Nebraska,Minnesota,17,24,True,False,True,Big Ten,Big Ten,fbs,fbs,
15,regular,2020-12-12 18:00:00+00:00,Rice,UAB,16,21,True,False,True,Conference USA,Conference USA,fbs,fbs,
15,regular,2020-12-12 19:30:00+00:00,Buffalo,Akron,56,7,True,False,True,Mid-American,Mid-American,fbs,fbs,
15,regular,2020-12-12 20:00:00+00:00,Troy,Coastal Carolina,38,42,True,False,True,Sun Belt,Sun Belt,fbs,fbs,
15,regular,2020-12-12 20:00:00+00:00,Toledo,Central Michigan,24,23,True,False,True,Mid-American,Mid-American,fbs,fbs,
15,regular,2020-12-12 20:00:00+00:00,Army,Navy,15,0,True,True,False,FBS Independents,American Athletic,fbs,fbs,
15,regular,2020-12-12 20:30:00+00:00,Baylor,Oklahoma State,3,42,True,False,True,Big 12,Big 12,fbs,fbs,
15,regular,2020-12-12 20:30:00+00:00,Memphis,Houston,30,27,True,False,True,American Athletic,American Athletic,fbs,fbs,
15,regular,2020-12-12 20:30:00+00:00,Iowa,Wisconsin,28,7,True,False,True,Big Ten,Big Ten,fbs,fbs,
15,regular,2020-12-12 20:30:00+00:00,Miami,North Carolina,26,62,True,False,True,ACC,ACC,fbs,fbs,
15,regular,2020-12-12 21:00:00+00:00,Florida State,Duke,56,35,True,False,True,ACC,ACC,fbs,fbs,
15,regular,2020-12-12 21:00:00+00:00,Vanderbilt,Tennessee,17,42,True,False,True,SEC,SEC,fbs,fbs,
15,regular,2020-12-12 23:00:00+00:00,Wyoming,Boise State,9,17,True,False,True,Mountain West,Mountain West,fbs,fbs,
15,regular,2020-12-12 23:00:00+00:00,Georgia Southern,App State,26,34,True,False,True,Sun Belt,Sun Belt,fbs,fbs,
15,regular,2020-12-13 00:00:00+00:00,TCU,Louisiana Tech,52,10,True,False,False,Big 12,Conference USA,fbs,fbs,
15,regular,2020-12-13 00:00:00+00:00,Florida,LSU,34,37,True,False,True,SEC,SEC,fbs,fbs,
15,regular,2020-12-13 00:30:00+00:00,UCLA,USC,38,43,True,False,True,Pac-12,Pac-12,fbs,fbs,
15,regular,2020-12-13 00:30:00+00:00,Mississippi State,Auburn,10,24,True,False,True,SEC,SEC,fbs,fbs,
15,regular,2020-12-13 01:00:00+00:00,Virginia Tech,Virginia,33,15,True,False,True,ACC,ACC,fbs,fbs,
15,regular,2020-12-13 03:00:00+00:00,BYU,San Diego State,28,14,True,False,False,FBS Independents,Mountain West,fbs,fbs,
15,regular,2020-12-13 03:00:00+00:00,Oregon State,Stanford,24,27,True,False,True,Pac-12,Pac-12,fbs,fbs,
15,regular,2020-12-13 03:30:00+00:00,New Mexico,Fresno State,49,39,True,False,True,Mountain West,Mountain West,fbs,fbs,
15,regular,2020-12-13 04:00:00+00:00,Hawai'i,UNLV,38,21,True,False,True,Mountain West,Mountain West,fbs,fbs,
16,regular,2020-12-19 00:00:00+00:00,Marshall,UAB,13,22,True,False,True,Conference USA,Conference USA,fbs,fbs,
16,regular,2020-12-19 00:30:00+00:00,Buffalo,Ball State,28,38,True,True,True,Mid-American,Mid-American,fbs,fbs,
16,regular,2020-12-19 00:30:00+00:00,Rutgers,Nebraska,21,28,True,False,True,Big Ten,Big Ten,fbs,fbs,
16,regular,2020-12-19 01:00:00+00:00,USC,Oregon,24,31,True,False,True,Pac-12,Pac-12,fbs,fbs,
16,regular,2020-12-19 17:00:00+00:00,Tennessee,Texas A&M,13,34,True,False,True,SEC,SEC,fbs,fbs,
16,regular,2020-12-19 17:00:00+00:00,Iowa State,Oklahoma,21,27,True,True,True,Big 12,Big 12,fbs,fbs,
16,regular,2020-12-19 17:00:00+00:00,Ohio State,Northwestern,22,10,True,True,True,Big Ten,Big Ten,fbs,fbs,
16,regular,2020-12-19 18:30:00+00:00,Utah,Washington State,45,28,True,False,True,Pac-12,Pac-12,fbs,fbs,
16,regular,2020-12-19 20:00:00+00:00,Army,Air Force,10,7,True,False,False,FBS Independents,Mountain West,fbs,fbs,
16,regular,2020-12-19 20:30:00+00:00,LSU,Ole Miss,53,48,True,False,True,SEC,SEC,fbs,fbs,
16,regular,2020-12-19 20:30:00+00:00,Mississippi State,Missouri,51,32,True,False,True,SEC,SEC,fbs,fbs,
16,regular,2020-12-19 21:00:00+00:00,Wisconsin,Minnesota,20,17,True,False,True,Big Ten,Big Ten,fbs,fbs,
16,regular,2020-12-19 21:00:00+00:00,Notre Dame,Clemson,10,34,True,True,True,ACC,ACC,fbs,fbs,
16,regular,2020-12-19 21:40:00+00:00,San José State,Boise State,34,20,True,True,True,Mountain West,Mountain West,fbs,fbs,
16,regular,2020-12-19 22:30:00+00:00,Penn State,Illinois,56,21,True,False,True,Big Ten,Big Ten,fbs,fbs,
16,regular,2020-12-20 00:00:00+00:00,UCLA,Stanford,47,48,True,False,True,Pac-12,Pac-12,fbs,fbs,
16,regular,2020-12-20 01:00:00+00:00,Florida,Alabama,46,52,True,True,True,SEC,SEC,fbs,fbs,
16,regular,2020-12-20 01:00:00+00:00,Cincinnati,Tulsa,27,24,True,False,True,American Athletic,American Athletic,fbs,fbs,
16,regular,2020-12-20 03:30:00+00:00,Oregon State,Arizona State,33,46,True,False,True,Pac-12,Pac-12,fbs,fbs,
1,postseason,2020-12-21 19:30:00+00:00,North Texas,App State,28,56,True,True,False,Conference USA,Sun Belt,fbs,fbs,Myrtle Beach Bowl
1,postseason,2020-12-22 20:30:00+00:00,Nevada,Tulane,38,27,True,True,False,Mountain West,American Athletic,fbs,fbs,Famous Idaho Potato Bowl
1,postseason,2020-12-23 00:00:00+00:00,BYU,UCF,49,23,True,True,False,FBS Independents,American Athletic,fbs,fbs,RoofClaim.com Boca Raton Bowl
1,postseason,2020-12-23 20:00:00+00:00,Georgia Southern,Louisiana Tech,38,3,True,True,False,Sun Belt,Conference USA,fbs,fbs,R+L Carriers New Orleans Bowl
1,postseason,2020-12-24 00:00:00+00:00,Florida Atlantic,Memphis,10,25,True,True,False,Conference USA,American Athletic,fbs,fbs,Montgomery Bowl
1,postseason,2020-12-24 20:30:00+00:00,Houston,Hawai'i,14,28,True,True,False,American Athletic,Mountain West,fbs,fbs,New Mexico Bowl
1,postseason,2020-12-25 19:30:00+00:00,Buffalo,Marshall,17,10,True,True,False,Mid-American,Conference USA,fbs,fbs,Camellia Bowl
1,postseason,2020-12-26 20:30:00+00:00,UTSA,Louisiana,24,31,True,True,False,Conference USA,Sun Belt,fbs,fbs,SERVPRO First Responder Bowl
1,postseason,2020-12-26 20:30:00+00:00,Georgia State,Western Kentucky,39,21,True,True,False,Sun Belt,Conference USA,fbs,fbs,LendingTree Bowl
1,postseason,2020-12-27 00:30:00+00:00,Coastal Carolina,Liberty,34,37,True,True,False,Sun Belt,FBS Independents,fbs,fbs,FBC Mortgage Cure Bowl
1,postseason,2020-12-29 22:30:00+00:00,Miami,Oklahoma State,34,37,True,True,False,ACC,Big 12,fbs,fbs,Cheez-It Bowl
1,postseason,2020-12-30 02:00:00+00:00,Colorado,Texas,23,55,True,True,False,Pac-12,Big 12,fbs,fbs,Valero Alamo Bowl
1,postseason,2020-12-30 17:00:00+00:00,Wisconsin,Wake Forest,42,28,True,True,False,Big Ten,ACC,fbs,fbs,Duke's Mayo Bowl
1,postseason,2020-12-31 01:00:00+00:00,Oklahoma,Florida,55,20,True,True,False,Big 12,SEC,fbs,fbs,Goodyear Cotton Bowl Classic
1,postseason,2020-12-31 17:00:00+00:00,Mississippi State,Tulsa,28,26,True,True,False,SEC,American Athletic,fbs,fbs,Lockheed Martin Armed Forces Bowl
1,postseason,2020-12-31 19:00:00+00:00,San José State,Ball State,13,34,True,True,False,Mountain West,Mid-American,fbs,fbs,Offerpad Arizona Bowl
1,postseason,2020-12-31 21:00:00+00:00,Army,West Virginia,21,24,True,True,False,FBS Independents,Big 12,fbs,fbs,AutoZone Liberty Bowl
1,postseason,2021-01-01 17:00:00+00:00,Georgia,Cincinnati,24,21,True,True,False,SEC,American Athletic,fbs,fbs,Chick-fil-A Peach Bowl
1,postseason,2021-01-01 18:00:00+00:00,Northwestern,Auburn,35,19,True,True,False,Big Ten,SEC,fbs,fbs,Vrbo Citrus Bowl
1,postseason,2021-01-01 21:00:00+00:00,Alabama,Notre Dame,31,14,True,True,False,SEC,ACC,fbs,fbs,Rose Bowl Game Presented by Capital One - CFP Semifinal
1,postseason,2021-01-02 01:00:00+00:00,Clemson,Ohio State,28,49,True,True,False,ACC,Big Ten,fbs,fbs,Allstate Sugar Bowl - CFP Semifinal
1,postseason,2021-01-02 17:00:00+00:00,Kentucky,NC State,23,21,True,True,False,SEC,ACC,fbs,fbs,TaxSlayer Gator Bowl
1,postseason,2021-01-02 17:30:00+00:00,Indiana,Ole Miss,20,26,True,True,False,Big Ten,SEC,fbs,fbs,Outback Bowl
1,postseason,2021-01-02 21:00:00+00:00,Iowa State,Oregon,34,17,True,True,False,Big 12,Pac-12,fbs,fbs,PlayStation Fiesta Bowl
1,postseason,2021-01-03 01:00:00+00:00,North Carolina,Texas A&M,27,41,True,True,False,ACC,SEC,fbs,fbs,Capital One Orange Bowl
1,postseason,2021-01-12 01:00:00+00:00,Alabama,Ohio State,52,24,True,True,False,SEC,Big Ten,fbs,fbs,CFP National Championship pres. by AT&T
20,postseason,2021-04-24 18:00:00+00:00,James Madison,VMI,31,24,True,False,False,CAA,Southern,fcs,fcs,FCS Championship - First Round
20,postseason,2021-05-02 22:00:00+00:00,James Madison,North Dakota,34,21,True,False,False,CAA,MVFC,fcs,fcs,FCS Championship - Quarterfinals
20,postseason,2021-05-08 18:30:00+00:00,Sam Houston,James Madison,38,35,True,False,False,Southland,CAA,fcs,fcs,FCS Championship - Semifinals
20,postseason,2021-05-16 18:00:00+00:00,South Dakota State,Sam Houston,21,23,True,True,False,MVFC,Southland,fcs,fcs,
