rank,team,conference,wins,losses,SPI,N_adj,SOR_adj
1,Indiana,big ten,16,0,100.0,1.0,1.0
2,Oregon,big ten,13,2,85.98699967204186,0.811800708851099,0.8857534594192832
3,Ohio State,big ten,12,2,85.81528022725924,0.9259912861668076,0.821624387868015
4,Texas Tech,big 12,12,2,84.04794204268366,0.9236866737677062,0.7956755147817528
5,Miami,acc,13,3,81.4436769913458,0.7817125346913423,0.8320575119561356
6,Georgia,sec,12,2,80.61484229722396,0.7688534541748213,0.8262303292477726
7,Utah,big 12,11,2,79.90984695824888,0.8924622322419564,0.7488256743043138
8,Notre Dame,fbs independents,10,2,79.40868985665563,0.9103320547293481,0.7314933529404377
9,Ole Miss,sec,13,2,77.3501436748318,0.752897131095152,0.7845960628692534
10,North Texas,american athletic,12,2,74.47142988087174,0.8816617954529361,0.6709733390772151
11,BYU,big 12,12,2,74.20368829645034,0.637355997527271,0.7984035135845515
12,Vanderbilt,sec,10,3,72.64678964726453,0.8242670518925441,0.6738068127850075
13,Texas A&M,sec,11,2,72.4054629070378,0.7522065627267588,0.7088958955630961
14,James Madison,sun belt,12,2,72.18940696839009,0.8247138699737698,0.6665295618355099
15,Alabama,sec,11,4,72.08922144650381,0.673401116230494,0.7464643442836388
16,USC,big ten,9,4,70.13310964705855,0.7074784271422768,0.6980209953396747
17,Texas,sec,10,3,69.77955646406483,0.6374912385540515,0.7302671248411232
18,Oklahoma,sec,10,3,69.44209698059642,0.5921167192596417,0.7495078739462918
19,Washington,big ten,9,4,69.28295267091242,0.7883332901946414,0.6414044232938458
20,Iowa,big ten,9,4,67.8320546772824,0.6370561161583312,0.7005398555652431
21,Navy,american athletic,11,2,67.73990933281475,0.6712597734021594,0.6807048809806024
22,Michigan,big ten,9,4,66.03072492246395,0.6401527268513748,0.6711596843487051
23,Arizona,big 12,9,4,65.69302834002899,0.6959726018691721,0.6359074965324302
24,Tulane,american athletic,11,3,65.60687847574107,0.5351123870437657,0.7211991527570656
25,TCU,big 12,9,4,65.56954828015526,0.6352002360209215,0.6667313849142001
26,Virginia,acc,11,3,65.518663732325,0.6314327654133062,0.6679771837362967
27,Illinois,big ten,9,4,64.95353582816352,0.5873080708935967,0.6830423591828867
28,Old Dominion,sun belt,10,3,64.41484114656049,0.7486156081178447,0.5878968440374759
29,South Florida,american athletic,9,4,64.0384391137842,0.7750314837838829,0.5678821104822814
30,East Carolina,american athletic,9,4,63.94920900693176,0.7457509785488574,0.5822757655034115
31,SMU,acc,9,4,63.72564498222339,0.7107208085012117,0.5976987182258613
32,Duke,acc,9,5,63.05393062151976,0.6133438447402727,0.6397984008555417
33,Iowa State,big 12,8,4,62.70258494324692,0.6234834672476767,0.6289332859935113
34,Houston,big 12,10,3,62.101831336643045,0.5805806948422975,0.642792415648656
35,Georgia Tech,acc,9,4,61.914652182713816,0.5879440345166538,0.6359478611481683
36,Penn State,big ten,7,6,61.88779963194504,0.6562471416362375,0.5987561488411804
37,NC State,acc,8,5,61.00491592325077,0.6528883312762533,0.5869819127474138
38,Tennessee,sec,8,5,60.668490116907336,0.6850282055731312,0.5645000449515039
39,Missouri,sec,8,5,60.022559444325715,0.6834634509532834,0.5554052101686276
40,Louisville,acc,9,4,59.763361084524256,0.5945026500790573,0.5993195127962654
41,Kennesaw State,conference usa,0,0,57.36695846103969,0.6435611740501446,0.5360356518351481
42,Wake Forest,acc,9,4,56.975284138942186,0.5787470481873772,0.5649098069597536
43,Boise State,mountain west,9,5,56.844424952284015,0.6351079818220546,0.5325483936694169
44,Cincinnati,big 12,7,6,55.6628487391671,0.6342639087184957,0.5148247989849193
45,Nebraska,big ten,7,6,55.46736754606214,0.5596779111934709,0.5519790869890872
46,Arizona State,big 12,8,5,55.328458471350075,0.49546738152339576,0.584416924892788
47,New Mexico,mountain west,9,4,55.31021797579682,0.5358963892817163,0.5623668361682577
48,Florida State,acc,5,7,55.1291467270885,0.7257280531738612,0.45736407486159003
49,UConn,fbs independents,9,4,55.02961235400574,0.6535089722366019,0.494719974241918
50,Minnesota,big ten,8,5,54.76296165411433,0.4859994978061304,0.5808150650907656
51,Northwestern,big ten,7,6,54.664274190964846,0.5172685603163105,0.5624596089214458
52,UNLV,mountain west,10,4,54.646154993252836,0.6066280154210247,0.5140642223617996
53,Memphis,american athletic,8,5,54.095894750063614,0.6703687582094621,0.47127674173434525
54,Pittsburgh,acc,8,5,53.46489362057027,0.585051684804617,0.5075089946524411
55,San Diego State,mountain west,9,4,53.45407348929518,0.5826549798717862,0.5086330645197333
56,LSU,sec,7,6,53.28492239690803,0.4421457405447245,0.5816895611975795
57,Toledo,mid-american,8,5,52.992506601900594,0.8077095388114015,0.38034881143848526
58,Ohio,mid-american,9,4,52.95891549069096,0.6457399274859833,0.4670464312104854
59,Colorado,big 12,3,9,52.5187827953132,0.4172149307972064,0.5833270802678612
60,Western Kentucky,conference usa,9,4,51.76852111202271,0.5937649639271896,0.4767191903780165
61,Hawai'i,mountain west,9,4,51.33097583679728,0.49485639555680816,0.5232461844970614
62,Clemson,acc,7,6,51.31539767782347,0.6127254109250697,0.45953858916070817
63,Kansas State,big 12,6,6,51.032439334524696,0.5371430802874541,0.49588356191482774
64,Fresno State,mountain west,9,4,50.97209727366645,0.547946599272719,0.48913794306340436
65,UTSA,american athletic,7,6,50.75700914526365,0.6149749334875051,0.4497367149723227
66,Western Michigan,mid-american,10,4,50.70366266419054,0.6200112215415915,0.4462041524651514
67,Washington State,pac-12,7,6,50.39210587637901,0.5596589551622961,0.47390834531844084
68,California,acc,7,6,49.33554828349477,0.5149491579990232,0.4817281192850608
69,Texas State,sun belt,7,6,48.88992568241906,0.6253703999922913,0.41541479511829027
70,Mississippi State,sec,5,8,48.860528648712766,0.535052353860205,0.4635953271323937
71,Auburn,sec,5,7,48.64871395120542,0.5279071222784938,0.46418407186858673
72,Wisconsin,big ten,4,8,48.11301470274047,0.3673791089779163,0.5423807059771293
73,Rutgers,big ten,5,7,47.5547734274298,0.46781277712923924,0.47971271119856046
74,Kansas,big 12,5,7,47.51301066199033,0.536741760780262,0.44195460053355623
75,Coastal Carolina,sun belt,6,7,47.48091226741856,0.2732757728573593,0.5833270802678612
76,Army,american athletic,7,6,47.30742337069569,0.5468553712988374,0.4333459288497905
77,Kentucky,sec,5,7,46.14040906149416,0.4741965764309661,0.4545158290216977
78,Baylor,big 12,5,7,46.1270150888027,0.4566653514516736,0.4637496582768326
79,Utah State,mountain west,6,7,46.11517401571138,0.5776970129584853,0.3983965932640677
80,Missouri State,conference usa,7,6,44.7268146401007,0.5049675745346758,0.41619922355980066
81,Jacksonville State,conference usa,9,5,44.69313287136374,0.5248449127532268,0.40497786038462774
82,Louisiana Tech,conference usa,8,5,44.616459541316786,0.5127489267430803,0.41031149392783045
83,South Carolina,sec,4,8,44.362372016765114,0.4125080802924323,0.46037829548507664
84,Michigan State,big ten,4,8,43.659123524226416,0.44254383787092516,0.43338598767298514
85,Georgia Southern,sun belt,7,6,43.58002024141765,0.4530728619372833,0.4264995395940421
86,Florida,sec,4,8,43.562916877840394,0.4206602391919262,0.44368936163266126
87,Temple,american athletic,5,7,43.307088479567234,0.5036310374243294,0.3950769564571648
88,Troy,sun belt,8,6,43.3034999619687,0.4718538177430839,0.412132559091704
89,UCF,big 12,5,7,42.640807492221796,0.4536235068753583,0.4117536115628347
90,Florida International,conference usa,7,6,42.29445778135238,0.5175582651766019,0.3719987461564817
91,Southern Miss,sun belt,7,6,41.292437275258656,0.512833173090578,0.3591273264167451
92,West Virginia,big 12,4,8,41.00086530063937,0.3886589812629992,0.42150463009899075
93,Delaware,conference usa,7,6,39.720155437367346,0.4512588582258072,0.3680937753763706
94,Air Force,mountain west,4,8,39.66462459161762,0.5528654511988141,0.31252821230244804
95,Central Michigan,mid-american,7,6,39.43320601762919,0.4505517838446684,0.3640599012779353
96,Marshall,sun belt,5,7,37.70800475537429,0.46394429584822644,0.3303069907797903
97,Arkansas State,sun belt,7,6,36.96680062755114,0.39619465594421116,0.35538442568467304
98,Arkansas,sec,2,10,36.876406662934116,0.49457671848851115,0.3010187925513265
99,Louisiana,sun belt,6,7,36.56055836037465,0.4334994260914959,0.3290473607257276
100,Maryland,big ten,4,8,36.43389579740814,0.3159076831513621,0.39041733672477646
101,South Alabama,sun belt,4,8,36.30045475956572,0.5425924149307839,0.2663033882613582
102,Buffalo,mid-american,5,7,35.732384134335035,0.5238903229328566,0.26763419741053934
103,Purdue,big ten,2,10,35.60243749521463,0.2909635092054925,0.39105714881572906
104,North Carolina,acc,4,8,35.25991390713516,0.3387835871683409,0.360038282403742
105,UCLA,big ten,3,9,34.78429471953504,0.19644689505336918,0.42936389834872496
106,Stanford,acc,4,8,34.362731569534205,0.24386879217574242,0.3973434437443572
107,UAB,american athletic,4,8,33.88852101736378,0.37807564359723095,0.31778266909939534
108,Syracuse,acc,3,9,33.87711504204498,0.2895997284057263,0.3652480699668393
109,Virginia Tech,acc,3,9,33.81629649124546,0.35989795446814615,0.3264595089978515
110,Tulsa,american athletic,4,8,33.77955310136101,0.41469717609030965,0.29638695289538725
111,Miami (OH),mid-american,7,7,33.71178751136635,0.45060218836084553,0.27601093721133474
112,Florida Atlantic,american athletic,4,8,33.47466386985975,0.40126509885023726,0.2989290063092529
113,Liberty,conference usa,4,8,32.39054671402152,0.49293270362337277,0.23289080134159187
114,Rice,american athletic,5,8,32.35687646311618,0.32104712427379406,0.3249265709774367
115,Wyoming,mountain west,4,8,32.12145460835609,0.4169386473040051,0.2696707992725525
116,App State,sun belt,5,8,31.03599031883539,0.3803622728843755,0.2726663195058807
117,Boston College,acc,2,10,30.356967624016452,0.3923687902770915,0.2557547686818192
118,Kent State,mid-american,5,7,29.290788074506256,0.30262221123888267,0.2876770874022364
119,Oregon State,pac-12,2,10,29.12333309551166,0.4082660670966127,0.22821570380200334
120,Akron,mid-american,5,7,28.927648744921203,0.36641114792107093,0.24774243950282646
121,UL Monroe,sun belt,3,9,28.282781398262458,0.3646452454018211,0.23877227398767265
122,San José State,mountain west,3,9,27.73283562877278,0.35238910067277357,0.23691103238808775
123,Bowling Green,mid-american,4,8,26.80857620911763,0.3952418650233068,0.1996170912815676
124,Colorado State,mountain west,2,10,26.588436394624736,0.35917774766521443,0.2156494650206497
125,Eastern Michigan,mid-american,4,8,26.431321817561333,0.41676298605685036,0.182224881624178
126,New Mexico State,conference usa,4,8,26.12941189303164,0.3125816236901862,0.23367777021346348
127,Middle Tennessee,conference usa,3,9,25.935677165051054,0.41243276580480454,0.17693123633665986
128,UTEP,conference usa,2,10,24.108683570799027,0.4550961737693142,0.12585103829035432
129,Nevada,mountain west,3,9,22.469685958870322,0.19257113366115272,0.24199532739584584
130,Northern Illinois,mid-american,3,9,21.69915317221182,0.3790562758545649,0.12972590026618533
131,Ball State,mid-american,4,8,21.131504365775346,0.26306864012513237,0.183447722483011
132,Georgia State,sun belt,1,11,20.755385320600695,0.29498996475912415,0.16047287006202074
133,Oklahoma State,big 12,1,11,19.350638062414177,0.1047105394443902,0.24131952587477723
134,Charlotte,american athletic,1,11,15.679603015598964,0.1179209914784871,0.17772874329002947
135,Sam Houston,conference usa,2,10,14.484956137666089,0.11108492598433897,0.16303051889560344
136,Massachusetts,mid-american,0,12,0.0,0.0,0.0
